-- phpMyAdmin SQL Dump
-- version 2.10.3
-- http://www.phpmyadmin.net
-- 
-- 主机: localhost
-- 生成日期: 2014 年 01 月 13 日 06:30
-- 服务器版本: 5.0.51
-- PHP 版本: 5.2.6

SET SQL_MODE="NO_AUTO_VALUE_ON_ZERO";

-- 
-- 数据库: `qd_project`
-- 

-- --------------------------------------------------------

-- 
-- 表的结构 `qd_ad`
-- 

CREATE TABLE `qd_ad` (
  `id` int(10) unsigned NOT NULL auto_increment COMMENT 'id',
  `type` varchar(32) NOT NULL COMMENT '类型',
  `title` varchar(255) NOT NULL COMMENT '标题',
  `href` varchar(255) NOT NULL,
  `image` varchar(255) NOT NULL COMMENT '路径',
  `status` int(11) NOT NULL default '0' COMMENT '状态',
  PRIMARY KEY  (`id`)
) ENGINE=MyISAM  DEFAULT CHARSET=utf8 COMMENT='广告表' AUTO_INCREMENT=18 ;

-- 
-- 导出表中的数据 `qd_ad`
-- 

INSERT INTO `qd_ad` VALUES (1, '首页幻灯片', 'fsdf', 'javascript:void(0)', '2014-01_52d4d2451c524.jpg', 1);
INSERT INTO `qd_ad` VALUES (2, '首页幻灯片', '第三方', '__APP__/Content/index/id/47/classify_id/19', '2013-12_52be84d291a84.jpg', 2);
INSERT INTO `qd_ad` VALUES (3, '首页幻灯片', '沙海，好书推荐', '__APP__/Content/index/id/118/classify_id/13', '2014-01_52d29daa5dd5e.jpg', 3);
INSERT INTO `qd_ad` VALUES (4, '首页幻灯片', 'sd', 'javascript:void(0)', '2014-01_52d29be05f1ee.jpg', 4);
INSERT INTO `qd_ad` VALUES (6, '首页底部广告', '《全职高手系列周边》', 'javascript:void(0)', '2013-12_52be66dd1a577.jpg', 6);
INSERT INTO `qd_ad` VALUES (14, '图书页幻灯片', '沙海，好书推荐', 'javascript:void(0)', '2013-12_52be77e4b20f1.jpg', 9);
INSERT INTO `qd_ad` VALUES (13, '图书页幻灯片', '11月读书超给力', 'javascript:void(0)', '2013-12_52be77bf7daff.jpg', 8);
INSERT INTO `qd_ad` VALUES (12, '图书页幻灯片', '凡人修仙传', 'javascript:void(0)', '2013-12_52be775c2b2d1.jpg', 7);
INSERT INTO `qd_ad` VALUES (15, '图书页幻灯片', '起点实体书满60包邮', 'javascript:void(0)', '2013-12_52be780d0be17.jpg', 10);
INSERT INTO `qd_ad` VALUES (16, '图书页中部广告', '最新起点实体书登录商城', 'javascript:void(0)', '2013-12_52be78ffcf9e2.gif', 11);
INSERT INTO `qd_ad` VALUES (17, '图书页中部广告', '唐七公子', 'javascript:void(0)', '2013-12_52be792a7215f.jpg', 12);

-- --------------------------------------------------------

-- 
-- 表的结构 `qd_address`
-- 

CREATE TABLE `qd_address` (
  `id` int(10) unsigned NOT NULL auto_increment,
  `uid` int(11) NOT NULL,
  `area` varchar(32) NOT NULL,
  `address` varchar(255) NOT NULL,
  `receiver` varchar(32) NOT NULL,
  `phone` varchar(11) NOT NULL,
  `zipcode` int(11) NOT NULL,
  PRIMARY KEY  (`id`)
) ENGINE=MyISAM  DEFAULT CHARSET=utf8 AUTO_INCREMENT=3 ;

-- 
-- 导出表中的数据 `qd_address`
-- 

INSERT INTO `qd_address` VALUES (1, 1, '山东省淄博市张店区', '建业花园', '曲晟', '2312312312', 255000);
INSERT INTO `qd_address` VALUES (2, 2, '北京市北京市昌平区', '羽绒觉得胜利看法', '取胜', '21321321321', 21323);

-- --------------------------------------------------------

-- 
-- 表的结构 `qd_admin`
-- 

CREATE TABLE `qd_admin` (
  `id` int(10) unsigned NOT NULL auto_increment COMMENT '管理员id',
  `admin_name` varchar(32) NOT NULL COMMENT '管理员名称',
  `admin_pwd` char(32) NOT NULL COMMENT '管理员密码',
  `last_login_time` int(13) NOT NULL default '0' COMMENT '最后登录时间',
  `last_login_ip` int(13) NOT NULL default '0' COMMENT '最后登录ip',
  PRIMARY KEY  (`id`)
) ENGINE=MyISAM  DEFAULT CHARSET=utf8 COMMENT='管理员表' AUTO_INCREMENT=6 ;

-- 
-- 导出表中的数据 `qd_admin`
-- 

INSERT INTO `qd_admin` VALUES (1, 'admin', '566f0ea4f6c2e947f36795c8f58ba901', 1389592464, -1062688006);
INSERT INTO `qd_admin` VALUES (5, 'qusheng', 'e10adc3949ba59abbe56e057f20f883e', 1389679243, -1062688006);

-- --------------------------------------------------------

-- 
-- 表的结构 `qd_admin_role`
-- 

CREATE TABLE `qd_admin_role` (
  `admin_id` int(11) NOT NULL COMMENT '管理员id',
  `role_id` int(11) NOT NULL COMMENT '角色id'
) ENGINE=MyISAM DEFAULT CHARSET=utf8 COMMENT='管理员与角色关联表';

-- 
-- 导出表中的数据 `qd_admin_role`
-- 

INSERT INTO `qd_admin_role` VALUES (1, 1);
INSERT INTO `qd_admin_role` VALUES (5, 2);

-- --------------------------------------------------------

-- 
-- 表的结构 `qd_cart`
-- 

CREATE TABLE `qd_cart` (
  `id` int(10) unsigned NOT NULL auto_increment,
  `uid` int(11) NOT NULL COMMENT '用户id',
  `gid` int(11) NOT NULL COMMENT '商品id',
  `num` int(11) NOT NULL default '1' COMMENT '数量',
  PRIMARY KEY  (`id`)
) ENGINE=MyISAM  DEFAULT CHARSET=utf8 AUTO_INCREMENT=5 ;

-- 
-- 导出表中的数据 `qd_cart`
-- 

INSERT INTO `qd_cart` VALUES (4, 2, 14, 1);

-- --------------------------------------------------------

-- 
-- 表的结构 `qd_classify`
-- 

CREATE TABLE `qd_classify` (
  `id` int(10) unsigned NOT NULL auto_increment COMMENT '分类id',
  `pid` int(10) unsigned NOT NULL COMMENT '父id',
  `name` varchar(32) NOT NULL COMMENT '分类名称',
  `path` varchar(32) NOT NULL COMMENT '路径',
  `status` smallint(6) NOT NULL COMMENT '状态',
  PRIMARY KEY  (`id`)
) ENGINE=MyISAM  DEFAULT CHARSET=utf8 AUTO_INCREMENT=36 ;

-- 
-- 导出表中的数据 `qd_classify`
-- 

INSERT INTO `qd_classify` VALUES (1, 0, '图书', '0,', 0);
INSERT INTO `qd_classify` VALUES (2, 0, '周边产品', '0,', 0);
INSERT INTO `qd_classify` VALUES (3, 0, '道具', '0,', 0);
INSERT INTO `qd_classify` VALUES (4, 0, '彩票', '0,', 0);
INSERT INTO `qd_classify` VALUES (32, 0, '百货', '0,', 0);
INSERT INTO `qd_classify` VALUES (6, 1, '玄幻', '0,1,', 0);
INSERT INTO `qd_classify` VALUES (8, 1, '奇幻', '0,1,', 0);
INSERT INTO `qd_classify` VALUES (9, 1, '武侠', '0,1,', 0);
INSERT INTO `qd_classify` VALUES (10, 1, '仙侠', '0,1,', 0);
INSERT INTO `qd_classify` VALUES (11, 1, '竞技', '0,1,', 0);
INSERT INTO `qd_classify` VALUES (12, 1, '都市', '0,1,', 0);
INSERT INTO `qd_classify` VALUES (13, 1, '文学', '0,1,', 0);
INSERT INTO `qd_classify` VALUES (14, 1, '自然科学', '0,1,', 0);
INSERT INTO `qd_classify` VALUES (15, 1, '艺术', '0,1,', 0);
INSERT INTO `qd_classify` VALUES (16, 1, '经济', '0,1,', 0);
INSERT INTO `qd_classify` VALUES (17, 1, '人文社会', '0,1,', 0);
INSERT INTO `qd_classify` VALUES (18, 1, '科技', '0,1,', 0);
INSERT INTO `qd_classify` VALUES (19, 1, '青春', '0,1,', 0);
INSERT INTO `qd_classify` VALUES (20, 1, '考试用书', '0,1,', 0);
INSERT INTO `qd_classify` VALUES (21, 2, '《全职高手》系列周边', '0,2,', 0);
INSERT INTO `qd_classify` VALUES (22, 2, '我叫MT树脂手办', '0,2,', 0);
INSERT INTO `qd_classify` VALUES (23, 2, '魔兽世界手办', '0,2,', 0);
INSERT INTO `qd_classify` VALUES (24, 2, '龙之谷系列', '0,2,', 0);
INSERT INTO `qd_classify` VALUES (25, 2, '植物大战僵尸系列', '0,2,', 0);
INSERT INTO `qd_classify` VALUES (26, 2, '迪士尼系列', '0,2,', 0);

-- --------------------------------------------------------

-- 
-- 表的结构 `qd_comment`
-- 

CREATE TABLE `qd_comment` (
  `id` int(10) unsigned NOT NULL auto_increment COMMENT 'id',
  `user_id` int(11) NOT NULL COMMENT '用户id',
  `goods_id` int(11) NOT NULL COMMENT '商品id',
  `content` text NOT NULL COMMENT '评论内容',
  `time` int(11) NOT NULL COMMENT '时间',
  PRIMARY KEY  (`id`)
) ENGINE=MyISAM  DEFAULT CHARSET=utf8 COMMENT='商品评论表' AUTO_INCREMENT=3 ;

-- 
-- 导出表中的数据 `qd_comment`
-- 

INSERT INTO `qd_comment` VALUES (1, 1, 22, '呵呵', 1389589332);

-- --------------------------------------------------------

-- 
-- 表的结构 `qd_goods`
-- 

CREATE TABLE `qd_goods` (
  `id` int(10) unsigned NOT NULL auto_increment COMMENT 'id',
  `classify_id` int(11) NOT NULL COMMENT '分类id',
  `price` decimal(13,2) NOT NULL COMMENT '原价',
  `qd_price` decimal(13,2) NOT NULL COMMENT '起点价格',
  `name` varchar(255) NOT NULL COMMENT '商品名',
  `author` varchar(32) default '起点商城' COMMENT '作者',
  `description` text COMMENT '描述',
  `image` varchar(255) NOT NULL COMMENT '路径',
  `reserve` int(11) NOT NULL COMMENT '库存',
  `qd_id` int(11) NOT NULL default '0' COMMENT '起点馆标记',
  `whole_book` int(11) NOT NULL default '0' COMMENT '套书标记',
  `new_book` int(11) NOT NULL default '0' COMMENT '新书上架标记',
  `rq_book` int(11) NOT NULL default '0' COMMENT '人气推荐标记',
  `author_book` int(11) NOT NULL default '0' COMMENT '名家新作标记',
  `hot_search` int(11) NOT NULL default '0' COMMENT '热搜排行标记',
  `end_book` int(11) NOT NULL default '0' COMMENT '完本推荐标记',
  `serialize_book` int(11) NOT NULL default '0' COMMENT '连载全套标记',
  `press` varchar(32) default NULL COMMENT '出版社',
  `status` int(11) NOT NULL default '0' COMMENT '回收站标记',
  PRIMARY KEY  (`id`)
) ENGINE=MyISAM  DEFAULT CHARSET=utf8 COMMENT='商品表' AUTO_INCREMENT=122 ;

-- 
-- 导出表中的数据 `qd_goods`
-- 

INSERT INTO `qd_goods` VALUES (1, 10, 28.00, 20.16, '凡人修仙传(23人魔之战)', '忘语', '何为凡人，何为仙，岂闻韶华尽何年，回首沧桑，此恨绵绵，风月如剑，看我破天。道不尽仙凡殊途，尽人间。\r\n一个普通的山村穷小子，偶然之下，进入到当地的江湖小门派，成了一名记名弟子。他以这样的身份，如何在门派中立足？又如何以平庸的资质，进入到修仙者的行列，和其他巨枭魔头，仙宗仙师并列于山海内外', '2013-12_52b69c48db03e.jpg', 97, 1, 0, 0, 1, 0, 1, 0, 0, '太白文艺', 0);
INSERT INTO `qd_goods` VALUES (2, 10, 28.00, 20.16, '凡人修仙传(24血光魔影)', '忘语', ' 何为凡人，何为仙，岂闻韶华尽何年，回首沧桑，此恨绵绵，风月如剑，看我破天。道不尽仙凡殊途，尽人间。\r\n一个普通的山村穷小子，偶然之下，进入到当地的江湖小门派，成了一名记名弟子。他以这样的身份，如何在门派中立足？又如何以平庸的资质，进入到修仙者的行列？和其他巨枭魔头，仙宗仙师并列于山海内外？\r\n《凡人修仙传(24血光魔影)》由忘语所著。', '2013-12_52b69d1d70844.jpg', 98, 1, 0, 0, 1, 0, 0, 0, 1, '太白文艺', 0);
INSERT INTO `qd_goods` VALUES (4, 6, 26.80, 19.30, '斗破苍穹(大主宰1)', '天蚕土豆', '     《斗破苍穹·大主宰》是一本天蚕土豆精心构划时间最长的小说，曾有人说斗破苍穹是巅峰，但身为创造者的我却是知道，《大主宰》将会超越那曾经的奇迹，缔造属于它的辉煌与荣耀。\r\n斗气之上，灵气为王。这是一个跟之前所有读的玄幻世界不一样的故事，这是一场强者的争斗，更是一场英雄之间的较量。谁拥有吞天噬月的灵气，谁就是这个世界的强者！\r\n从一个半路被踢出灵路的少年，依靠自己的...', '2013-12_52b6a0064995a.jpg', 0, 1, 0, 1, 1, 0, 1, 0, 0, '湖北人民', 0);
INSERT INTO `qd_goods` VALUES (5, 8, 28.00, 21.28, '吞噬星空(秘境1)', '我吃西红柿', ' 起点网白金作家我吃西红柿的第六本书，展现了一个浩瀚广阔、神秘莫测的星际世界。\r\n《吞噬星空（秘境1）》讲述了罗峰接受修炼任务，来到了宇宙秘境中神秘的血洛大陆。为了得到血洛晶完成修炼，罗峰开始了各种行动。为了让自己更加强大，他甚至来到了古神废墟，在那里的修炼使他的身体发生了惊人的进化……', '2013-12_52b6a07454b28.jpg', 57, 1, 0, 1, 1, 0, 1, 0, 0, '湖北少儿', 0);
INSERT INTO `qd_goods` VALUES (6, 10, 280.00, 201.61, '凡人修仙传(11-20共10册)', '忘语', '《凡人修仙传(11-20共10册)》由忘语所著，一个乡村小童，进入一个江湖小门派，成为了一名记名弟子，无意中得到一个神秘小瓶，并修炼一套无名法决，得以认识世俗凡人所不知道的修仙者，从而背井离乡，抛弃一切，立志踏上寻觅仙缘天道的初始之路。', '2013-12_52b6a0ea0e055.jpg', 95, 1, 1, 0, 1, 0, 0, 0, 0, '太白文艺', 0);
INSERT INTO `qd_goods` VALUES (7, 21, 25.00, 25.00, '《全职高手》第一本官方笔记本—《荣耀联盟绝密档案》（预售一周，1', '起点商城', '联盟40位高手的星座血型生日等绝密档案。\r\n \r\n全职设定相关的问答。\r\n \r\n《八卦电竞》荣耀联盟情人节专访新闻特辑。\r\n \r\n霸图副队长张新杰来做的健康养身专题。\r\n \r\n日历记事本，标注了全职中对应人物的生日。\r\n \r\n荣耀联盟第十赛季，常规赛对战积分表。\r\n \r\n以及《荣耀——全职高手纪念画册》的制作花絮。', '2013-12_52b6aff5adb89.jpg', 7, 0, 0, 0, 1, 0, 1, 0, 0, NULL, 0);
INSERT INTO `qd_goods` VALUES (8, 21, 10.00, 10.00, '《全职高手》文件夹（预售一周，预计12月3日起陆续发货）', '起点商城', 'A款 繁花血景\r\n相识于夏天，成名于夏天，却没能等到第五个开花结果的夏天便已成绝响。\r\n“繁花血景是两个人的故事，只靠一个人，是没办法书写出完美结局的。”\r\n正面绘者：炎铃   反面绘者：Botija', '2013-12_52b6b33e59246.jpg', 33, 0, 0, 0, 0, 0, 1, 0, 0, NULL, 0);
INSERT INTO `qd_goods` VALUES (9, 21, 200.00, 200.00, '《全职高手》周边套装，加送海报筒，包邮（预售一周，预计12月3日起陆续发货）', '起点商城', '购买本次《全职高手》系列周边，无续重，买满200元包邮，赠粉丝值钻石哦！\r\n \r\n《全职高手》周边套装，加送海报筒 \r\n \r\n《荣耀联盟绝密档案》+5张战队海报+3个文件夹（繁花血景+十年宿敌+剑与诅咒）+一套明信片+一套透明精致书签+一个十周年纪念u盘卡8G+一个海报筒=200元\r\n ', '2013-12_52b6b3f80aac4.jpg', 50, 0, 0, 0, 1, 0, 1, 0, 0, NULL, 0);
INSERT INTO `qd_goods` VALUES (10, 21, 75.00, 75.00, '《全职高手》荣耀联盟·十周年纪念u盘卡（预售一周，预计12月3日起陆续发货）', '起点商城', '购买本次《全职高手》系列周边，无续重，买满200元包邮，赠粉丝值钻石哦！\r\n荣耀联盟·十周年纪念u盘卡，卡片u盘，8g容量，铁盒包装，每张优盘上有数字编号。通贩的编号从301开始，按照购买顺序制作。', '2013-12_52b6b45aa85b4.jpg', 60, 0, 0, 0, 1, 0, 0, 0, 0, NULL, 0);
INSERT INTO `qd_goods` VALUES (11, 21, 10.00, 10.00, '《全职高手》战队海报（预售一周，预计12月3日起陆续发货）', '起点商城', '暂无。。。。', '2013-12_52b6b4cdca196.jpg', 69, 0, 0, 0, 1, 0, 0, 0, 0, NULL, 0);
INSERT INTO `qd_goods` VALUES (12, 6, 24.80, 18.60, '神煌(Ⅰ惊云神灭)', '开荒', '      开荒是玄幻小说作家中相对比较低调的，但是他的文字和作品中超乎想象的塑造力却绝不低调，《神煌》中各种霸气侧漏的情节，足以颠覆你的思维。\r\n      在这个神皇即将出世的时代，宗守以羸弱之身，靠着前世掌握的各种逆天技能，苦练六神御刀术，一路披荆斩棘，在血腥无情的世界挣扎沉浮，刀斩烈剑乌维，一鸣惊人。又在凌云宗外大破罗天剑阵，取得惊云神灭剑意，毁明剑台而得十二道灵符种子。', '2013-12_52b8e6f69300c.jpg', 0, 1, 0, 1, 0, 0, 0, 0, 0, '湖南人民', 0);
INSERT INTO `qd_goods` VALUES (13, 10, 26.00, 20.28, '武布天下(Ⅱ龙战魂堂)', '十年雪落', '   《武布天下（Ⅱ龙战魂堂）》——十年雪落追梦绝唱之作！一部让千万读者感动的屌丝奋斗史！一个用生命完成屌丝逆转的催泪鸿篇！\r\n盛大文学董事，首席执行官侯小强倾情作序！起点白金作者傲无常续写未完梦想！\r\n  “有一种人是永远不会倒下的，因为他们的眼睛，即使在最黑暗的夜晚，也能看得见星光！”\r\n谨以此书献给在梦与痛边缘挣扎的勇者们！\r\n最热血的梦境之修，最恢弘的对决之旅。\r\n神秘玉简...', '2013-12_52b8e892164e3.jpg', 90, 1, 0, 1, 0, 0, 0, 0, 0, '湖南人民', 0);
INSERT INTO `qd_goods` VALUES (14, 6, 25.00, 19.00, '大周皇族(1绝世小侯爷)', '皇甫奇', '    《大周皇族（1绝世小侯爷）》是知名网络作家皇甫奇的一部力作。\r\n本书不同于宫廷剧背景，纵然文中与着皇室有千丝万缕的关系，并非老套的故事。人物塑造写法纯熟，个性鲜明，语言精练，情节跌宕，作品恢宏大气，中国古典文学底蕴深厚，受到读者广泛好评。', '2013-12_52b8e9e5e6601.jpg', 98, 1, 0, 0, 0, 0, 0, 0, 0, '陕西人民', 0);
INSERT INTO `qd_goods` VALUES (15, 9, 28.00, 21.00, '武林萌主(Ⅱ)', '玄色', '“我要当武林盟主！”——这是苏小舞最近的目标。\r\n对了，她不仅要当“盟主”，还要当超可爱的“萌主”哦！\r\n沉迷于网络游戏的她，因为过于得意忘形，被人一怒之下踢到了宋朝江湖。\r\n呃？她居然空降到了峨眉派。可是这个派看上去并不是那么气势非凡啊。\r\n峨眉九阳功、九阴真经、倚天剑，统统没有！连全派弟子下顿饭吃什么都是问题！', '2013-12_52b8ea666a069.jpg', 98, 1, 0, 1, 0, 0, 0, 0, 0, '湖南人民', 0);
INSERT INTO `qd_goods` VALUES (16, 8, 28.00, 21.28, '光之子(3魔族来袭)', '唐家三少', '     唐家三少是被誉为“中国网络作家之王”的超大神级、超白金式的人物。\r\n《光之子（3魔族来袭）》是唐家三少的处女作，也是他得以一览群山的扛鼎之作，书中某些素材来自于他和他妻子的相识、相恋的真实故事。人物描写细腻、神秘的异陆战争、跌宕起伏的大陆探险、幽默风趣的文笔，使本书可读性很强。网络点击率超5000万。\r\n一个懒惰的少年，因性格原因选学了无人问津的光系魔法，...', '2013-12_52b8ead40108b.jpg', 93, 1, 0, 1, 0, 0, 0, 0, 0, '湖北少儿', 0);
INSERT INTO `qd_goods` VALUES (17, 6, 28.00, 21.28, '武动乾坤(9百战成钢)', '天蚕土豆', '   《武动乾坤(9百战成钢)》由天蚕土豆著，起点网总点击超7000万，起点网总推荐超670万。\r\n   继《斗破苍穹》之后起点白金级作家天蚕土豆的最新力作，修炼一途，乃窃阴阳，夺造化，转涅槃，握生死，掌轮回。武之极，破苍穹，动乾坤！\r\n修炼玄幻世界中，百朝大会的斗争越演越烈。林动遇到的对手一个比一个实力更强，甚至还遇到了死对头林琅天。林动究竟能在百朝大会中取得怎样的...', '2013-12_52b8ed65089f4.jpg', 95, 1, 0, 1, 0, 0, 0, 0, 0, '湖北少儿', 0);
INSERT INTO `qd_goods` VALUES (18, 19, 55.00, 39.05, '凤月无边(上下)', '林家成', '    林家成2013年华丽巨献，故事恢宏大气，情感细腻动人，令人回味无穷。世事变化万千，规矩无数，只缚无能人。谁含笑挥袖，谁纵横驰聘，谁操纵喜怒生死于股掌？这是一曲具有王者之质的市井卑微女与当朝太子的绝世恋歌。\r\n   《凤月无边（上下）》讲述了繁华初定、儒风盛行的东汉时期，贫困潦倒的女主卢萦为了心中的理想，利用自己的智慧，一步步地上爬，并与心狠手辣的男主相爱相杀的传奇故事，一路风...', '2013-12_52b8eee13281c.jpg', 92, 1, 0, 1, 0, 0, 0, 0, 0, '青岛', 0);
INSERT INTO `qd_goods` VALUES (19, 11, 25.00, 19.00, '全职高手(9草根战队)', '蝴蝶蓝', '      勾心斗角之后，谁夺走了我的荣耀，风雨飘摇，希望却不曾破灭，花团锦簇，没有迷失方向，万众瞩目，“我”就在这里回归。蝴蝶蓝所著的《全职高手(9草根战队)》是蝴蝶蓝所著游戏类小说，连载于起点中文网。网游荣耀中被誉为教科书级别的顶尖高手，因为种种原因遭到俱乐部的驱逐，离开职业圈的他寄身于一家网吧成了一个小小的网管，但是，拥有十年游戏经验的他，在荣耀新开的第十区重新投入了游戏，带着对往昔的回忆...', '2013-12_52b8ef4b18374.jpg', 96, 1, 0, 1, 0, 0, 0, 0, 0, '湖北少儿', 0);
INSERT INTO `qd_goods` VALUES (20, 12, 39.80, 30.65, '典当(网络原名黄金瞳)', '打眼', '     典当这行，想要赚钱牟利，真正重要的，就是典当鉴定师，行业里也称之为“掌眼”。试想，如果鉴定师的水平不济，不慎收了假货，不仅使典当行蒙受经济损失，更会使其专业性受到质疑。即使是真货，如果鉴定师不能正确评估当物的真实价值，导致典当给出的价格过高，超出了市场行情，典当行将为此承担一定的价格风险。\r\n《典当(网络原名黄金瞳)》由打眼所著，小说总归是小说，故事性和趣味性占了主导，...', '2013-12_52b8f62bd4cdf.jpg', 94, 1, 0, 0, 0, 0, 0, 1, 0, '台海', 0);
INSERT INTO `qd_goods` VALUES (21, 6, 21.00, 15.96, '斗破苍穹(1废柴当自强)', '天蚕土豆', '      这里是属于斗气的世界，没有花俏艳丽的魔法，有的，仅仅是繁衍到巅峰的斗气！想要知道异界的斗气在发展到巅峰之后是何种境地吗？请观斗破苍穹！\r\n      天才少年萧炎在创造了家族空前绝后的修炼纪录后突然成了废人，整整三年时间，家族冷遇，旁人轻视，被未婚妻退婚……种种打击接踵而至。就在他即将绝望的时候，一缕幽魂从他手上的戒指里浮现，一扇全新的大门在面前开启！', '2013-12_52b8f72854198.jpg', 98, 1, 0, 0, 0, 0, 0, 1, 1, '湖北少儿', 0);
INSERT INTO `qd_goods` VALUES (22, 8, 26.00, 18.72, '酒神(Ⅰ一代酒神)', '唐家三少', '      李解冻先生，是我国乃至全世界最为优秀的调酒、品酒大师，曾连续五次获得富达国际调酒师大赛冠军，国际调酒师联合会荣誉会长。李氏调酒法创始人。同时也是国际品酒师协会荣誉理事，全世界唯一一位国际六星皇钻奖章获得者，六感品酒法创始人。被誉为当今国际第一酒神。他为了品尝出土的汉代美酒而醉死于而立之年。\r\n      当他一觉醒来时，却发现自己来到了一个名叫五行大陆的世界，变成了一个叫做姬动的小...', '2013-12_52b8f7e947796.jpg', 99, 1, 0, 0, 0, 0, 0, 1, 1, '太白文艺', 0);
INSERT INTO `qd_goods` VALUES (23, 13, 28.00, 20.16, '步步生莲(第1卷莲子初生)', '月关', '      重磅出击，王者归来！\r\n起点白金作者月关携步步生莲回归历史小说！\r\n上线当月即一一击破各大榜单。\r\n唐家三少、我吃西红柿、血红、跳舞四大名著首次联袂推荐！\r\n衩袜歩香阶，手提金缕鞋的一代佳人小周后，情归何处？花布足以其色，蕊差堪状其容的花蕊夫人，恩怨可了？\r\n宋廷的明争暗斗，南唐李煜的悲欢离合，北国萧绰的抱负，金匮...', '2013-12_52b8f8a5ac25c.jpg', 100, 1, 0, 1, 0, 0, 0, 1, 0, '太白文艺', 0);
INSERT INTO `qd_goods` VALUES (24, 6, 24.80, 19.34, '神印王座(Ⅰ光明之子)', '唐家三少', '      魔族强势，在人类即将被灭绝之时，六大圣殿崛起，带领着人类守住最后的领土。一名少年，为救母加入骑士圣殿，奇迹、诡计，不断在他身上上演。在这人类六大圣殿与魔族七十二柱魔神相互倾轧的世界，他能否登上象征着骑士最高荣耀的神印王座？欲知晓答案，请看由唐家三少编写的奇幻小说《神印王座Ⅰ：光明之子》。', '2013-12_52b8f91c19e20.jpg', 74, 1, 0, 0, 0, 0, 0, 1, 0, '山东画报', 0);
INSERT INTO `qd_goods` VALUES (25, 10, 29.80, 21.75, '神游', '徐公子胜治', '     东方奇幻巅峰！“国宝级”史诗巨作！徐公子胜治的《神游》以气势恢宏的架构，无与伦比的想象力，令人惊叹的传统文化底蕴，成为中国真正意义上的第一部奇幻经典。\r\n     陈天桥是《神游》的忠实粉丝，他向读者推荐道：“这部描写中国神怪情节，发生在八十年代一批高中生身上的小说，情节匪夷所思但是又丝丝入扣，代入感特别强烈……称得上中国版的《哈利·波特》。”', '2013-12_52b8fb5713d27.jpg', 100, 1, 0, 0, 0, 0, 0, 1, 0, '中国华侨', 0);
INSERT INTO `qd_goods` VALUES (26, 6, 28.00, 20.16, '天珠变(Ⅰ紫辰弓)', '唐家三少', '《天珠变》是中国奇幻第一人唐家三少最新强档大作。\r\n人有本命珠，觉醒后或为意珠、或为体珠，如手串分别在左右手腕处盘旋。天珠如人类之双胞胎，当意、体双珠同时出现在一个人身上的时候，即为天珠。修炼体珠者是为体珠师，修炼意珠者是为意珠师，而修炼天珠者自然即是天珠师。天珠师最高为十二双珠，因此，它的修炼过程也被称之为：天珠十二变。我们的主角就是一位修炼着天珠变的天珠师。', '2013-12_52b8fbd7ab79f.jpg', 100, 1, 0, 0, 0, 0, 0, 1, 0, '太白文艺', 0);
INSERT INTO `qd_goods` VALUES (27, 6, 28.00, 20.16, '武装风暴(1大地斩)', '骷髅精灵', '骷髅精灵，原名王小磊，毕业于华东政法学院经济法系，后进修于上海社会科学研究院和鲁迅文学院，起点白金作家，台湾玄幻销量冠军。\r\n《武装风暴(1大地斩)》讲述了十五岁的王动赶赴人马星系开拓诺顿星，却陷入扎戈族制造的巨大阴谋。在那里，等待王动的是五倍重力的恶劣环境，扎戈肆虐，缺水断粮，孤立无援……', '2013-12_52b8fc4eaab7f.jpg', 100, 1, 0, 0, 0, 0, 0, 1, 0, '太白文艺', 0);
INSERT INTO `qd_goods` VALUES (28, 6, 26.00, 18.72, '斗罗大陆(1斗罗世界)', '唐家三少', '     当唐门暗器来到斗罗大陆，当唐三武魂觉醒。他能否在这片武魂的世界重塑唐门辉煌？\r\n     唐门外门弟子唐三，因偷学内门绝学为唐门所不容，跳崖明志时却来到了另一个世界。一个属于武魂的世界——斗罗大陆。这里没有魔法，没有斗气，没有武术，却有神奇的武魂。这里的每个人，在自己六岁的时候，都会在武魂殿中令武魂觉醒……\r\n本册为《斗罗大陆》第一册，《斗罗世界》，精彩不容错过！', '2013-12_52b8fd66051d1.jpg', 100, 1, 0, 0, 0, 0, 0, 1, 0, '太白文艺', 0);
INSERT INTO `qd_goods` VALUES (29, 6, 28.00, 20.16, '恶魔法则(1魔兽世界)', '跳舞', '      某些法则决定着世界的运转。掌握了它，就是世界的强者；改变了它，就创造了新的世界！\r\n      拥有两世的人生经历，拥有另一个世界的知识，带着用自己灵魂为代价换来的恶魔的礼物，杜维这个名字，注定将成为新的传奇！\r\n颠覆这世上所有的法则吧，欢迎你来到恶魔的世界……', '2013-12_52b8fe33e2d66.jpg', 98, 1, 0, 0, 0, 0, 0, 1, 0, '太白文艺', 0);
INSERT INTO `qd_goods` VALUES (30, 24, 58.00, 58.00, '龙之谷 杰兰特手机壳 Q版 (iphone4/4S)', '起点商城', '超萌的手机外壳', '2013-12_52b8febac8d31.png', 80, 0, 0, 0, 1, 0, 0, 0, 0, NULL, 0);
INSERT INTO `qd_goods` VALUES (31, 24, 26.00, 26.00, '龙之谷 腕枕 1 日本顶级2way抱枕面料', '起点商城', '材质：日本2-way顶级抱枕面料+优质PP棉\r\n尺寸：10cm*10cm', '2013-12_52b8ff6461107.png', 100, 0, 0, 0, 0, 0, 1, 0, 0, NULL, 0);
INSERT INTO `qd_goods` VALUES (32, 24, 18.00, 18.00, '龙之谷 Q版贴纸 官方授权 (可贴交通卡 门禁卡)', '起点商城', '超炫的卡贴', '2013-12_52b8ffa10d330.png', 100, 0, 0, 0, 1, 0, 0, 0, 0, NULL, 0);
INSERT INTO `qd_goods` VALUES (33, 24, 68.00, 68.00, '龙之谷 艾琳iphone 5 /5S 珍藏版手机壳', '起点商城', '使用机型：iphone5/5s\r\n材料：塑料\r\n包装材料：吸塑壳  胶窗盒装', '2013-12_52b900440acc0.png', 100, 0, 0, 0, 1, 0, 1, 0, 0, NULL, 0);
INSERT INTO `qd_goods` VALUES (34, 24, 56.00, 50.00, '龙之谷Q版扑克牌 全球限量首发', '起点商城', '暂无描述', '2013-12_52b900a5237bf.jpg', 100, 0, 0, 0, 0, 0, 1, 0, 0, NULL, 0);
INSERT INTO `qd_goods` VALUES (35, 22, 48.00, 48.00, 'flarehi 我叫MT系列全国唯一正版授权周边', '起点商城', '哀木涕 手办 公仔 玩偶', '2013-12_52b9010951831.jpg', 100, 0, 0, 0, 0, 0, 1, 0, 0, NULL, 0);
INSERT INTO `qd_goods` VALUES (36, 24, 128.00, 128.00, '龙之谷 次元兔u盘 pvc玩偶绕线器16g', '起点商城', '接口支持：USB1.1   USB2.0    USB3.0\r\n\r\n读取参数：读取速度 15MB秒以上\r\n               写入速度 5MB秒以上', '2013-12_52b9036f5c246.png', 100, 0, 0, 0, 1, 0, 0, 0, 0, NULL, 0);
INSERT INTO `qd_goods` VALUES (37, 23, 168.00, 168.00, '魔兽世界精品手办', '起点商城', '阿莱克斯塔萨 红龙女王红龙妹妹 限量上市抢购\r\n材质：环保树脂\r\n尺寸：20*15*9', '2013-12_52b903ffb7334.jpg', 100, 0, 0, 0, 1, 0, 0, 0, 0, NULL, 0);
INSERT INTO `qd_goods` VALUES (38, 24, 99.00, 99.00, '龙之谷周边 盒装7天袜 ', '起点商城', '规格：均码\r\n数量：7双/盒\r\n吸湿排汗/柔软舒适\r\n抗菌防臭/透气性强', '2013-12_52b9048b6deab.jpg', 100, 0, 0, 0, 1, 0, 0, 0, 0, NULL, 0);
INSERT INTO `qd_goods` VALUES (39, 25, 69.00, 69.00, 'PopCap 宝开正版授权 植物大战僵尸', '起点商城', '本系列产品承诺销售均为正版产品，支持电话、信息、专柜验货，暂不支持退款退货。因质量问题，可在确认收货（以实际收货日期为准）起15天内提供换货服务。\r\n具体可通过订单留言直接与商家沟通。\r\n换货基本条件：\r\n·对全部商品\r\n·外包装完整，且不影响二次销售。一旦拆封无法复原商品，不可换货（质量问题除外）。\r\n·若交易已完成，发现质量问题，请在确认收货（以实际收货日期为准）后15天内进行换货申请。', '2013-12_52b904dc9a71c.jpg', 100, 0, 0, 0, 1, 0, 1, 0, 0, NULL, 0);
INSERT INTO `qd_goods` VALUES (40, 10, 150.00, 108.00, '九鼎记(共5册珍藏版)', '我吃西红柿', '   《九鼎记》是网络人气写手我吃西红柿的一部修真仙侠类长篇小说。小说分5册编辑，讲述了：现代形意宗师滕青山意外来到一个玄幻的世界。在这个世界里，他将经历一系列非常人所经历的事情……\r\n喜欢看玄幻类小说的读者朋友，千万不要错过！', '2013-12_52ba353534447.jpg', 99, 1, 1, 0, 0, 0, 0, 0, 0, '太白文艺', 0);
INSERT INTO `qd_goods` VALUES (41, 10, 90.00, 64.80, '星辰变(上中下)', '我吃西红柿', '     一部背景极大的奇幻修真小说，而主角秦羽则是一位王爷的三世子，我吃西红柿的《星辰变(上中下)》讲述的就是他得到一块流星泪后的故事。\r\n当鱼跃龙门化身为龙的时候，他便不是鱼，而是龙！他是龙，龙则是不会呆在鱼群中，他需要的而是无限的天空，上穷碧落下黄泉，翱翔九天。 这青年，便是这跃龙门的鱼！\r\n《星辰变》讲述的就是这名青年的故事。', '2013-12_52ba35de6a18d.jpg', 100, 1, 1, 0, 0, 0, 0, 1, 0, '太白文艺', 0);
INSERT INTO `qd_goods` VALUES (42, 8, 28.00, 21.28, '狐戏红尘(正传上)', '林家成', '     一只狐狸精，来到这滚滚红尘经历练情劫。她容貌绝美，空灵缥缈，心无纤尘，引得权贵们竞相捕猎。\r\n常林，名门之后，第一美男，他迷上杨兰的精灵之心，却不能放下身段平等爱她。\r\n龙自在，武林才俊，他贪享齐人之福，却又无法抗拒杨兰的万种风情。\r\n三皇子，身份高贵，阅尽美色的他，失落于她的飘然尘外。\r\n且看一只快乐迷糊的狐狸精，无心设下的情...', '2013-12_52ba368832c30.jpg', 100, 1, 0, 0, 1, 0, 0, 0, 0, '朝华', 0);
INSERT INTO `qd_goods` VALUES (43, 19, 55.00, 39.05, '卿本风流(上下)', '林家成', ' 超人气作家林家成编著的《卿本风流(上下)》一首情意绵绵的婉转琴曲，一段动人心魄的魏晋情缘重生智慧女主与倾城少年枭将的旷世之恋，独家大结局+古韵唯美书签，新穿越小说精品典藏，一个有夫之妇，一个位卑“娈童”，一个腹有乾坤，一个惊才绝艳，这是一场纠葛，更是一场倾城绝恋！爱情没有对错，只有传奇。林大又一次诠释了“和所爱的人做想做的事。不问是劫是缘。”其实只要爱对了人。赶快来看这本畅销的穿越的...', '2013-12_52ba37f41fd63.jpg', 100, 1, 1, 0, 0, 0, 1, 0, 0, '江苏文艺', 0);
INSERT INTO `qd_goods` VALUES (44, 8, 28.00, 20.44, '地海巫师', '厄休拉·勒古恩|译者:蔡美玲', '　◆奇幻迷心里永恒的经典，全系列首度引进！\r\n　　◆奇幻三大经典巨作之一，与《魔戒》《纳尼亚传奇》齐名。\r\n　　◆写的是魔法奇幻，讲的是心灵成长。\r\n　　◆村上春树最爱女作家的代表作\r\n　　◆宫崎骏所有动画的灵感来源\r\n　　◆吉卜力工作室动画《地海战记》原著。\r\n　　◆美国图书馆协会推荐好书\r\n　　◆全球号角书奖、刘易斯·卡罗尔书架奖得奖作品', '2013-12_52ba3982a9609.jpg', 100, 0, 0, 1, 0, 0, 0, 0, 0, '江苏文艺', 0);
INSERT INTO `qd_goods` VALUES (45, 8, 28.00, 20.44, '地海古墓', '厄休拉·勒古恩|译者:蔡美玲', '“地海传奇”系列是人类历史上最伟大的奇幻小说之一，自1968年出版以来，被译成20多种语言，深受全世界读者的喜爱。村上春树曾表示，“地海传奇”的作者厄休拉·勒古恩是他最喜爱的女作家之一。宫崎骏也曾坦言，“地海传奇”系列是他所有动画作品的灵感来源。\r\n《地海古墓》是本系列第二本，吉卜力工作室动画电影《地海战记》原著，美国图书馆协会推荐好书，曾获1971年纽伯瑞银牌奖等多个奖项。', '2013-12_52ba3a045281d.jpg', 100, 0, 0, 1, 0, 0, 0, 0, 0, '江苏文艺', 0);
INSERT INTO `qd_goods` VALUES (46, 13, 36.00, 26.28, '罗辑思维', '罗振宇', ' 有种、有料、有趣\r\n在知识中寻找见识\r\n互联网上最多人喜爱的知识性脱口秀\r\n播出量4000万次，\r\n视频评论10万次，\r\n优酷评分高达的9.2分\r\n微信公众账号微友70万', '2013-12_52ba3a7549ea8.jpg', 100, 0, 0, 1, 0, 0, 0, 0, 0, '长江文艺', 0);
INSERT INTO `qd_goods` VALUES (47, 19, 35.00, 25.20, '三生三世枕上书(终篇)', '唐七公子', ' 1、唐七公子，最新力作！千万读者，翘首期待。最终结局，震撼上市！\r\n2、三生三世最令人意外的设定，书写最令人叹服的前世今生。\r\n3、随书附赠精美明信片一套，六张精选，超值典藏。', '2013-12_52ba3acbf3044.jpg', 100, 0, 0, 1, 0, 0, 0, 0, 0, '湖南文艺', 0);
INSERT INTO `qd_goods` VALUES (48, 13, 38.00, 27.74, '如果我可以许一个愿望(精)', '幾米', '     有一幅图让人的印象很深，是阿拉丁躺在一棵悬空的树干上。画面的冲击力在于：树干是自然界最踏实、稳固的生物，但是这棵书却不是竖直地扎根在地下，它是悬空着的。这给人一种踏实和漂浮杂糅的感受。而躺在树上的阿拉丁，也许就是幾米心中那个小孩性格的外化。也好像幾米对美好愿望本身的诠释，就好像脚踏实地的追求飞翔。如此的张力在《如果我可以许一个愿望（精）》中的表现还有：黑白灰与明亮彩色的混搭，文字部分...', '2013-12_52ba3b4487e6c.jpg', 100, 0, 0, 0, 0, 1, 0, 0, 0, '海豚', 0);
INSERT INTO `qd_goods` VALUES (49, 17, 36.00, 26.28, '所有人问所有人', '韩寒', '     看完《独唱团》看什么？《独唱团》里让你意犹未尽的地方全在这里延展。他是韩寒，他和所有人一起，向这个世界发问并回答所有问题。它真实。从不掩饰，真实是最大的力量，从头到尾，你能从这部书中感到真实的力量。它智慧。峰回路转式的回答让人会心一笑，绵里藏针的回答让人大吃一惊。它幽默。字里行间，处处藏机锋，每每读后，往往捧腹大笑。一个工作室主编的《所有人问所有人》历时三年，历经磨难，终于以最独特的...', '2013-12_52ba3c3de38a7.jpg', 100, 0, 0, 0, 1, 0, 0, 0, 0, '湖南人民', 0);
INSERT INTO `qd_goods` VALUES (50, 13, 48.00, 35.04, '就这么漂来漂去', '韩寒', '   从亭林镇菜鸟车手到全国车手双料冠军，赛车手韩寒十年赛车生涯的甜酸苦辣。\r\n　韩寒唯一一本赛车自传，独家收录200余幅精美写真，讲述韩寒赛车生涯的一个个传奇故事。\r\n　全新增订本，增加50%图文内容。\r\n　独家收录韩寒广为流传，微博转发量超过二十万次的《6号赛车》。', '2013-12_52ba3cb63b0ce.jpg', 99, 0, 0, 0, 0, 1, 0, 0, 0, '天津人民', 0);
INSERT INTO `qd_goods` VALUES (51, 13, 25.00, 16.25, '一座城池(精)', '韩寒', '     这是韩寒迄今为止最满意的作品，是一部代表他文学创作最高水准的里程碑式著作。小说描写了“我”“健叔”“王超”“阿雄”等一群不羁青年在一段非常的日子里海阔天空的“光辉岁月”，依然是那么幽默、睿智、洒脱、不羁，韩式的天才文字从不褪色。', '2013-12_52ba3d104f9fd.jpg', 100, 0, 0, 0, 0, 0, 0, 0, 0, '万卷', 0);
INSERT INTO `qd_goods` VALUES (52, 17, 39.80, 30.25, '盛典(诺奖之行)', '莫言', '莫言获诺贝尔文学奖后首部作品\r\n全程实录诺奖之行空前盛典\r\n独家披露获奖前后心路历程', '2013-12_52ba3d70e06f2.jpg', 100, 0, 0, 0, 0, 1, 0, 0, 0, '长江文艺', 0);
INSERT INTO `qd_goods` VALUES (53, 13, 48.00, 37.25, '丰乳肥臀', '莫言', '     莫言编著的《丰乳肥臀》是一道艺术想象的巨流，五十万言一泻而下，辉映出了北方大地近一个世纪的历史风云。这是莫言小说创作的突破，也是中国当代文学的一次突破。大苦闷、大悲悯、大抱负，天马行空般的大精神，落了片白茫茫大地真干净的大感悟。', '2013-12_52ba3dcddcd6d.jpg', 100, 0, 0, 0, 1, 0, 0, 0, 0, '上海文艺', 0);
INSERT INTO `qd_goods` VALUES (54, 13, 35.00, 27.30, '红高粱家族', '莫言', '《红高粱家族》是莫言1986年向汉语文学、乃至世界文学奉献的一部影响巨大的作品。\r\n主人公余占鳌是个热血男儿，正义又野蛮。他杀死了一个与自己守寡多年的母亲发生关系的和尚，而后母亲也吊死了。他为了女人杀人放火，霸占了后来成了他妻子的戴凤莲。他为了报仇雪耻，苦练枪法，将曾非礼过他妻子的土匪花脖子一伙一网打尽。他为了还一个村姑的清白，不惜将酒后施奸的亲叔枪毙。为了小妾恋儿不惜...', '2013-12_52ba3ec64b19a.jpg', 100, 0, 0, 0, 1, 0, 0, 0, 0, '上海文艺', 0);
INSERT INTO `qd_goods` VALUES (55, 13, 28.00, 20.44, '你终将爱我', '张小娴', ' 全世界华人的爱情知己张小娴\r\n携三万字中篇小说领衔演绎爱之百味\r\n张小娴主编·十位文艺作家倾情共叙·书写心中最“爱”\r\n十个故事，万千种爱情意态\r\n浅吟低唱间，尽诉爱的百转千回\r\n四色彩印+精致装帧\r\n每个细节透露极致梦幻气息\r\n桑格格·榛生·刘贞·陶立夏·丛虫·金陵雪·余思·苏枕书·自由极光 十个故事，万千种爱情意态\r\n浅吟低唱间，尽诉爱的百...', '2013-12_52ba3f1180bc4.jpg', 90, 0, 0, 0, 0, 1, 0, 0, 0, '京华', 0);
INSERT INTO `qd_goods` VALUES (56, 13, 30.00, 21.60, '谢谢你离开我', '张小娴', '     《谢谢你离开我》是张小娴在《想念》后时隔两年推出的新散文集。从拿到文稿到把它送到读者面前，几个月的时间，欣喜与不舍交杂。\r\n　　这是张小娴最美的散文。美在每个充满灵性的文字，美在细细道来的倾诉话语。美在作者书写时真实饱满的情绪，更美在打动人心的厚重情感。\r\n　　从装祯到设计前所未有的突破，每个精致跳动的文字，不再只是黑白配，而是有了鲜艳的色彩，首次全彩印刷，法国著名唯美派插画大师...', '2013-12_52ba3fc4eac27.jpg', 100, 0, 0, 0, 0, 0, 1, 0, 0, '湖南文艺', 0);
INSERT INTO `qd_goods` VALUES (57, 13, 28.00, 21.70, '末世的思念', '张小娴', '《末世的思念》编著者张小娴。\r\n被誉为全世界华人的爱情知己的香港作家张小娴与内地作家苏小懒首度合作，打造绝世动情爱的读本——《末世的思念》她们用文字的力量，带我们寻回爱的本能。\r\n本书内含张小娴全新中短篇小说《露露蛋糕店的最后一夜》。《末世的思念》内容丰富，主题围绕爱展开，在末世到来之际，齐集了包含张小娴和苏小懒在内的十位短篇小说名家，列举了十种爱与读者分...', '2013-12_52ba406401b0d.jpg', 100, 0, 0, 0, 0, 0, 0, 0, 0, '京华', 0);
INSERT INTO `qd_goods` VALUES (58, 15, 19.80, 15.56, 'DVD-9艺术家(高清收藏版)', '北京影像', '《DVD-9艺术家(高清收藏版)》用默片的形式讲述了发生在默片时代向有声电影时代转化过程的故事，所有细节力求做到惟妙惟肖，借此向好莱坞电影致敬获第84届奥斯卡奖最佳影片，最佳男主角，最佳导演，最佳服装设计和最佳原创配乐：第64届戛纳国际电影节主竞赛单元最佳男演员；第69届美国金球奖最佳影片，最佳男生角，最佳电影配乐；第65届英国电影和电视艺术学院奖最佳影片、最佳男主角。最佳导演，最佳...', '2013-12_52c0d288b90f7.jpg', 99, 0, 0, 0, 1, 0, 0, 0, 0, '北京电视艺术中心音像出版社有限公司', 0);
INSERT INTO `qd_goods` VALUES (59, 13, 36.00, 26.28, '国家阴谋(3梵蒂冈忏悔者)', '(美)丹尼尔·席尔瓦', '国家阴谋(3梵蒂冈忏悔者)》由丹尼尔·席尔瓦著，主要内容：\r\n★第一本带您了解当今世界政治格局的间谍小说。\r\n★全球最优秀的国际阴谋论作家。\r\n★美国当代最伟大的间谍小说家。\r\n★将读者带入全景式的全球化政治斗争漩涡，视为世界格局教科书也不为过。\r\n★四次夺得《纽约时报》畅销书排行榜全球第一。', '2013-12_52c0d3384e189.jpg', 100, 0, 0, 0, 1, 0, 0, 0, 0, '同心', 0);
INSERT INTO `qd_goods` VALUES (60, 17, 19.80, 13.58, '世界上最伟大的推销员(插图本珍藏版)', '(美)奥格·曼狄诺', '这是一本在全世界范围内影响巨大的书，适合任何阶层的人阅读。它振奋人心，激励斗志，改变了许多人的命运。\r\n本书一经问世，英文版销量当年突破100万，迅即被译成18种文字，目前全球销量已经超过九百多万册，成为全世界空前畅销的营销书籍！', '2013-12_52c0d3c6ae8b2.jpg', 100, 0, 0, 0, 1, 0, 0, 0, 0, '世界知识', 0);
INSERT INTO `qd_goods` VALUES (61, 13, 19.80, 13.58, '故乡(鲁迅专集经典彩绘本)', '鲁迅', ' 让震撼心灵的华彩美文，滋养我们的精神生命！这触动灵魂的优美文字，源自文学大师的心灵深处，在岁月的长河里，如宝石般熠熠生辉，陪伴着我们一路远行。\r\n为让新时代的青少年读者能够更多地了解鲁迅的作品，传承他的精神，编者经过长期的精心策划和编辑，出版本书以纪念鲁迅先生。希望本书能成为青少年朋友认识鲁迅。了解鲁迅的一扇窗，从而阅读更多鲁迅的著作，感受“俯首甘为孺子牛”的鲁迅精神。', '2013-12_52c0d40e295ec.jpg', 100, 0, 0, 0, 1, 0, 0, 0, 0, '同心', 0);
INSERT INTO `qd_goods` VALUES (62, 13, 19.80, 14.45, '西湖民间故事', '杭州市文化局', '杭州市文化局编著的《西湖民间故事》1978年出版后，得到了广大读者的支持和关注。许多读者在肯定本书的同时，对书中所收的故事不够全、内容取舍上存在某些缺点，提出了宝贵的意见。编者与选编单位对本书的增订工作作了研究，不久编写了本版本。此版的目次依照故事在西湖及西湖周围所处的位置，或者它们的不同性质，重新分组编排，以便于读者阅读和依此确定游览路线。', '2013-12_52c0d46fe16fd.jpg', 100, 0, 0, 0, 1, 0, 0, 0, 0, '浙江文艺', 0);
INSERT INTO `qd_goods` VALUES (63, 15, 98.00, 76.44, '中国民间故事(绘画本共30册)(精)', '钱笑呆', ' 《中国民间故事(绘画本共30册)》包括《孔雀东南飞》、《牛郎织女》和《珍珠姑娘》、《天鹅宝蛋》、《幼女斩蛇》、《取红灯》、《白螺仙子》、《黄河的故事》、《通州塔》、《寡妇链》等30本书。这些充满传奇色彩的民间故事是中国劳动人民智慧的结晶，它们既可以教给孩子堂堂正正做人的道理。本书由良士等编文。', '2013-12_52c0d4d137471.jpg', 99, 0, 0, 0, 1, 0, 0, 0, 0, '上海人美', 0);
INSERT INTO `qd_goods` VALUES (64, 13, 29.80, 21.28, '谢谢你折磨我', '(美)马克·罗森', '《谢谢你折磨我》由马克·罗森著，编辑推荐：治愈亿万心灵的心理学经典，一本足以改变你人生轨迹的心态能量书。不要被所有的折磨打倒，你要用这些折磨来自我提升。长夜哭泣之后，你会感谢所有曾经折磨过你的人。他们成就了你。（选自张小娴的《想念》）。一本让我们明白人际关系背后意义的书！', '2013-12_52c0d52bc7608.jpg', 100, 0, 0, 0, 1, 0, 0, 0, 0, '吉林出版集团', 0);
INSERT INTO `qd_goods` VALUES (65, 13, 32.80, 25.58, '藏海花', '南派三叔', '《藏海花》南派三叔。\r\n　　2010年吴邪从尼泊尔回国在墨脱一个邮局内发现了一幅小哥的油画。由此引出闷油瓶10年前在此发生的故事。之后在胖子的提醒下，意识到自己来到墨脱发现这一切并不是偶然，而是被他人所设计，随之而来的是假吴邪的到来，而假吴邪的到来，却证明了自己是真的。和胖子在寺庙里的惊险经历竟是六角铃铛所呈现的幻想，以及小哥张起灵的身世之谜……', '2013-12_52c0d56fbf080.jpg', 100, 0, 0, 0, 1, 0, 0, 0, 0, '京华', 0);
INSERT INTO `qd_goods` VALUES (66, 17, 15.00, 10.80, '帅狗杜明尼克(升级版)\\"国际大奖小说', '(美)威廉·史代格', ' 帅狗杜明尼克是一条生性活泼，总想见识一下外面世界的小猎犬。在外出探险的征途中，他遇见了一头姓“獾”的老猪，一只会写字的黄蜂、一头懒驴、一只乌龟；救了一只姓“狐狸”的母鹅；成全了一头野猪的婚事；还遇上了“世界末日土匪帮”的一群无恶不作的坏蛋。他在结交了许多知心朋友的同时，还同这些坏蛋进行了殊死搏斗。杜明尼克凭着活泼、善良、勇敢、热情、慷慨、乐于助人与足智多谋，很快成为了远近闻名的铲奸除...', '2013-12_52c0d5e409b19.jpg', 100, 0, 0, 0, 1, 0, 0, 0, 0, '新蕾', 0);
INSERT INTO `qd_goods` VALUES (67, 13, 28.00, 19.60, '这些人那些事', '吴念真', '《这些人那些事》(作者吴念真)是一本积累了多年、珍藏了多年的文集，描写心底最挂念的家人，日夜惦记的家乡，一辈子搏真情的朋友，以及台湾各个角落里最真实的感动。它们是一个时代的缩影，虽然情感朴素又恣意，喷薄出的却是强大的生命能量与心灵启发。\r\n书中的小弟和小妹，老兵或女孩，仿佛就在身边，和我们一起经历着生命中的惊喜与惶恐。作者是台湾人，深沉的文字底下透出浓厚的中国人乡土情怀...', '2013-12_52c0d64c6ea18.jpg', 100, 0, 0, 0, 1, 0, 0, 0, 0, '译林', 0);
INSERT INTO `qd_goods` VALUES (68, 13, 39.80, 28.26, '脸皮', '陆涛', ' 陆涛编著的这本《脸皮》是以当代民办高校的大环境为背景的长篇小说，描写了男主人公“我”在几个高校女生的感情选择之中回旋的故事，作者通过对世事人情的描写，将社会学家马斯洛关于“基本需求”的理论在书中展现的淋漓尽致；生理需求、安全需求、社交需求、自我实现，一层一层，清晰可见。', '2013-12_52c0d6aa7a1ca.jpg', 100, 0, 0, 0, 1, 0, 0, 0, 0, '译林', 0);
INSERT INTO `qd_goods` VALUES (69, 17, 70.00, 50.40, '给你一个团队你能怎么管（1+2 共2册）', '赵伟', ' MBA商学院最受欢迎的团队管理课程，手把手教你打造企业中的尖刀团队！4大原则5大关键10个步骤36个方法让你在团队管理中少走5年弯路，提高10倍效率！通用电气、丰田、联想、苹果、微软等全球500强企业都在学习！ 本书重点描述：团队管理的六项原则；提升团队凝聚力的五种粘合剂；团队维系的16个心理游戏；团队沟通的25个原则；择出团队中的10种害群之马；团队管理者需要的30把“团队金钥匙”。', '2013-12_52c0d6fe2dc2c.jpg', 100, 0, 1, 0, 1, 0, 0, 0, 0, '江苏文艺', 0);
INSERT INTO `qd_goods` VALUES (70, 13, 39.00, 31.59, '地狱', '无', ' 本书集结了丹布朗小说中的一切畅销元素：主角罗伯特兰登外加一位美貌与智慧并重的女搭档；一项事关人类生存的重大危机；悬念丛生的快节奏故事；既涉及古老神秘的艺术史又与当代最前沿科技密不可分的情节。\r\n书中的议题引人关注。其一是关于世界人口增长给地球造成的重负可能引发的种种危机，这个问题中国恐怕比世界其他国家感受更深。其二是人类关于基因工程研究的种种突破究竟是福是祸，会对人类未来的命运产生何种...', '2013-12_52c0d7bc8f047.jpg', 100, 0, 0, 0, 1, 0, 0, 0, 0, '人民文学', 0);
INSERT INTO `qd_goods` VALUES (71, 17, 32.00, 23.29, '以自己喜欢的方式过一生', '林特特', '《以自己喜欢的方式过一生》由林特特著，书中记录的，是这样一些人，和他们各自不同的命运：\r\n在母亲失望的眼神里坚持玩收藏，终于玩成办个人展览的收藏家；\r\n一位敢年近30才走进美术课堂的电工，现在是国内某知名设计师；\r\n一位亿万富翁回忆，妈妈从名媛跌落到洗衣妇，依然坚持每晚给他把衣服熨平。让他穿得破旧却干净，那时他不懂，他只是朦朦胧胧感觉到，即便...', '2013-12_52c0d82aca513.jpg', 100, 0, 0, 0, 1, 0, 0, 0, 0, '江苏文艺', 0);
INSERT INTO `qd_goods` VALUES (72, 15, 15.00, 11.90, 'DVD-9魂断蓝桥(世纪珍藏版)', 'DVD-9魂断蓝桥(世纪珍藏版)', ' 本片\r\n荣获：\r\n第13届(1941)奥斯卡金像奖 Academy Awards\r\n提名：\r\n奥斯卡奖-最佳摄影（黑白）Joseph Ruttenberg\r\n奥斯卡奖-最佳配乐Herbert Stothart', '2013-12_52c0d8ed89007.jpg', 100, 0, 0, 0, 1, 0, 0, 0, 0, '北京电视艺术中心', 0);
INSERT INTO `qd_goods` VALUES (73, 19, 36.00, 28.08, '青春之后认输之前(我们依然在路上)', '谢谢', '《青春之后认输之前(我们依然在路上)》：备受关注的穷游情侣，谢谢和菜菜继续为爱走天涯！\r\n历时两年半，环游世界七大洲，三十多个国家；背着婚纱去旅行，完成浪漫的环球自拍婚纱照；一枚钻戒换来南极的“最后一分钟船票”，实现两个人的南极梦！\r\n最美的旅程，是和心爱的人肩并肩，去看看这个寂寞的世界。最美的人生，不是长辈控制的样子，不是社会规定的样子，是勇敢地为自己站...', '2013-12_52c0d93bc0326.jpg', 100, 0, 0, 0, 1, 0, 0, 0, 0, '中信', 0);
INSERT INTO `qd_goods` VALUES (74, 13, 72.00, 54.72, '曹文轩经典作品（全4册', '曹文轩', '我们并无足够的见识去判别今日孩子处境的善恶与优劣，感动他们的，应是道义的力量、情感的力量、智慧的力量和美的力量。我们惟一要记住的是，感动人的那些东西是千古不变的，我们只不过是想看清楚它们在什么新的方式下进行的罢了。本书汇集了《草房子》、《阿雏》、《红葫芦》、《蓝花》等中短篇小说9篇，这些作品都表达了作者对社会环境、人文情怀的深刻刻画。', '2013-12_52c0d985cd6f8.jpg', 100, 0, 1, 0, 1, 0, 0, 0, 0, '明天', 0);
INSERT INTO `qd_goods` VALUES (75, 13, 39.00, 29.54, '目送', '龙应台', '本书共由七十四篇散文组成，是为一本极具亲情、感人至深的文集。有父亲的逝世、母亲的苍老、儿子的离开、朋友的牵挂、兄弟的携手共行，写出失败和脆弱、失落和放手，写出缠绵不舍和绝然的虚无。正如作者所说：“我慢慢地、慢慢地了解到，所谓父女母子一场，只不过意味着，你和他的缘分就是今生今世不断地在目送他的背影渐行渐远。你站在小路的这一端，看着他逐渐消失在小路转弯的地方，而且，他用背影默默地告诉你，不用追。”', '2013-12_52c0d9d1010a5.jpg', 100, 0, 0, 0, 1, 0, 0, 0, 0, '三联书店', 0);
INSERT INTO `qd_goods` VALUES (76, 15, 70.00, 50.46, 'DVD奥黛丽·赫本(6碟装)', '广州市新时代影音', '本碟收录了奥黛丽·赫本的经典影片。\r\n奥黛丽·赫本——优雅的同义语，天使的化身，众所周知的好莱坞巨星；在好莱坞盛行金发尤物的年代，唯一不以性感取胜的巨星。她以清纯、端庄的形象，征服了全世界影迷的心。从影26年，平均每年只拍一部电影。她拍片精挑细选，宁缺毋滥，几乎每一次表演都让人永久难忘。其在《罗马假日》中精湛的表演获得了第26届奥斯卡最佳女演员。1991年4月22日，美...', '2013-12_52c0da73deb14.jpg', 100, 0, 0, 0, 1, 0, 0, 0, 0, '广州市新时代影音公司', 0);
INSERT INTO `qd_goods` VALUES (77, 14, 70.00, 50.40, '只有医生知道（1+2 共2册）', '张羽', ' 你要知道一些只有医生知道的……\r\n　　——冯唐（作家）\r\n　　作为一名求知欲“过度”的妈妈，我无比期待这本由真正的母亲级的妇产科医生撰写的亲身经验！它让女性医学指导不再是冷冰冰的教条，而是这样温情委婉的诉说。\r\n　　——马伊琍（演员）\r\n　　一场有趣的阅读体验，张羽用汹涌的笔墨重塑了这个时代人们对医生和女性的认知。\r\n　　——姬十三（果壳网CEO）\r\n　　...', '2013-12_52c0dadfa35f4.jpg', 99, 0, 1, 0, 1, 0, 0, 0, 0, '江苏人民', 0);
INSERT INTO `qd_goods` VALUES (78, 13, 96.00, 74.88, '全球通史(从史前史到21世纪第7版修订版上下2册)', '(美)斯塔夫里阿诺斯', '斯塔夫里阿诺斯的这部潜心力作——《全球通史:从史前史到21世纪(第7版修订版)(中文版)(上下册)》自1970年初版问世以来，赞誉如潮，被译成多种语言流传于世，可谓经典之中的经典。第7版在保留原文精华的基础上，融入了时新的研究成果。新增了数百幅生动珍贵的图片和脉络清晰的地图，使这部名著在内容和体系上更加完善。作者文笔隽永，笔力深厚，才思横溢，整部著作风格前后一贯，令您在颇具历史韵律的行文...', '2013-12_52c0dcbdcf43f.jpg', 100, 0, 1, 0, 1, 0, 0, 0, 0, '北京大学', 0);
INSERT INTO `qd_goods` VALUES (79, 14, 119.40, 81.19, '苗疆蛊事(1-3共3册)', '南无袈裟理科佛', '1.还有哪个作者，比他更了解苗寨，这是苗寨人自己写的巫蛊小说！\r\n　　2.还有哪本小说比它更接近真实，不是架空世界，不是穿越历史，这是你身边正在发生的故事！\r\n　　3.还有哪本书比它更fashion，占据所有网络热帖，这是你一不留意就OUT于时代的事！\r\n　　4.还有哪本书比它更有魅力，宅男、御女、怪蜀黍、女汉子，这是老少咸宜、男女通吃的故事！\r\n　　5.还有哪本书...', '2013-12_52c0dd70131a6.jpg', 99, 0, 1, 0, 1, 0, 0, 0, 0, '上海社科院', 0);
INSERT INTO `qd_goods` VALUES (80, 19, 29.00, 22.40, '青春我们逃无可逃', '康慨', ' 康慨编写的《青春我们逃无可逃》是一本青春成长小说。小说通过一个叫卡小卡的年轻人从校园到社会的艰辛成长，描写了一代人成熟蜕变的悲欢离合的过程，有爱情的甜蜜和苦涩，有打拼的隐忍苦涩……最终卡小卡终于破茧成蝶，对生活有了全新的理解。\r\n本书由湖南文苑出版社出版发行。', '2013-12_52c0de08030bc.jpg', 100, 0, 0, 0, 1, 0, 0, 0, 0, '湖南文艺', 0);
INSERT INTO `qd_goods` VALUES (81, 13, 32.00, 24.32, '每一次破碎都是一次重生', '高岩', '高岩编著的《每一次破碎都是一次重生》旨在告诉人们这样一个道理：人的一生会遭遇重重磨难和挫折，我们选择以何种心态面对它们，便会造就不同的人生。本书从伤痛、淡定、宽容、自制、变通等方面内容出发，具体而详细地汇出了迈向成功的各种方法，具有一定的现实指导意义。', '2013-12_52c0dec0b2a97.jpg', 100, 0, 0, 0, 1, 0, 0, 0, 0, '中国华侨', 0);
INSERT INTO `qd_goods` VALUES (82, 13, 35.00, 27.30, '明智行动的艺术', '(德)罗尔夫·多贝里', ' 罗尔夫·多贝里所著的《明智行动的艺术(你最好让别人去犯的52种行为错误)》的文章仍来自于作者为《时间报》、《法兰克福汇报》和《瑞士星期天报》所写的专栏。把两本书放在一起，就是对大约100个最严重的思维错误的解析。一样的努力付出，为什么效果差好几条街？德文、中文超级畅销书《清醒思考的艺术》之姊妹篇。一转念，人生立刻改变！', '2013-12_52c0df4e4500e.jpg', 100, 0, 0, 0, 1, 0, 0, 0, 0, '中信', 0);
INSERT INTO `qd_goods` VALUES (83, 15, 39.80, 29.05, '阿狸·尾巴', 'Hans', ' 《阿狸·尾巴》是阿狸之父Hans历时三年精心策划、纯手工绘制的最新梦幻童话绘本。本书延续疗伤治愈、温暖人心的风格，通过尾巴、花儿、秘密、存在、石子、演唱会等励志故事，讲述关于爱、梦想、成长和感动的梦幻童话。作者徐瀚以细密的笔触、温暖的文字和温馨的画面被大众所喜爱，他的作品体现了物质丰富弥补不了精神匮乏，只有爱才是最终的归宿，触动了人们内心深处的柔软与坚强。\r\n本书品质精美，画面...', '2013-12_52c0e03fa84b0.jpg', 100, 0, 0, 0, 1, 0, 0, 0, 0, '中国华侨', 0);
INSERT INTO `qd_goods` VALUES (84, 17, 84.00, 61.32, '人脉是设计出来的（共3册', '张超', '　在当今社会，一个成功的人，有时候未必有超人一等的能力，但背后一定有一群人在付出努力，这就是人脉的力量。社会是一张无形的大网，每一个人都是其中的一个结。当你尽可能地与更多的结建立有效而且牢周的联系时，你的社会关系网就越庞大，你在社会中可以施展的影响也就越大，你可以借助的他人力量也就越大。对任何一个人来说，一旦掌握人脉资源，那必定能事半功倍。一个拥有高层次、广范围、深基础的人脉网络的人，足以...', '2013-12_52c0e0b355104.jpg', 100, 0, 1, 0, 1, 0, 0, 0, 0, '北方妇儿', 0);
INSERT INTO `qd_goods` VALUES (85, 13, 20.00, 15.60, '活着\\"余华作品', '余华', '《活着》是一篇读起来让人感到沉重的小说。那种只有阖上书本才会感到的隐隐不快，并不是由作品提供的故事的残酷造成的。毕竟，作品中的亡家，丧妻，失女以及白发人送黑发人这样的故事并不具备轰动性。同时，余华也不是一个具有很强煽动能力的作家，实际上，渲染这样的表达方式是余华一直所不屑的。余华所崇尚的只是叙述，用一种近乎冰冷的笔调娓娓叙说一些其实并不正常的故事。而所有的情绪就是在这种娓娓叙说的过程...', '2013-12_52c0e182ced22.jpg', 100, 0, 0, 0, 1, 0, 0, 0, 0, '作家', 0);
INSERT INTO `qd_goods` VALUES (86, 13, 32.00, 21.12, '不畏将来不念过去', '十二', '　真正的美人，熬得过岁月！\r\n　　1.一棍子打醒忘不了过去的女人。\r\n　　强大的人，不是有多坚强，而是敢于向前走。\r\n　　作者用犀利的语言，直戳那些在爱情中受伤女人的痛点，逼迫她们直视自己的伤口，帮助她们走出偏执的泥沼，斩断不必要的念想，建立强大的防疫系统，避免情感的再次伤害。\r\n　　2.帮助受伤的女人建立强大的疗伤系统。\r\n　　人们为了欲望挣扎，因为想要的东...', '2013-12_52c0e375c24e9.jpg', 100, 0, 0, 0, 1, 0, 0, 0, 0, '江苏文艺', 0);
INSERT INTO `qd_goods` VALUES (90, 10, 0.00, 28.00, '遮天(1九龙拉棺)', '20.16', '  辰东编著的《遮天》冬雪未至心已冷，再回首，只剩往昔记忆。泰山别，无人折柳。九龙起，何时归途。悠悠十载已过，圣体又如何。不过千万孤苦一身。将为成，枯骨已万，亲情已逝去。若有回头路，有生不登泰山路。踏歌行，踏歌行。行得一身悲恨。弹指遮天穹，终是一头银发恨苍天。天地变，人心亦变。岁月江河都逝去。一人怎敢回望。故人以为他，老父携母驾鹤去。半生逍遥半生伤。求道成仙何日尽，改这天，变这地。还我往...', '2014-01_52c6226ebd690.jpg', 100, 1, 0, 0, 0, 0, 0, 0, 1, '太白文艺', 0);
INSERT INTO `qd_goods` VALUES (89, 11, 26.00, 18.72, '独闯天涯(1萧老板的诞生)', '蝴蝶蓝', '《独闯天涯(1萧老板的诞生)》是起点中文网超白金作者，网游大神蝴蝶蓝成名作，热血·友情·执着·萌系·无间·悬疑，最真实的网游世界，最无间道的江湖，文笔幽默调侃，情节奇诡波澜，最独特世界观，最人性的江湖。', '2014-01_52c621beee1c7.jpg', 100, 1, 0, 0, 0, 0, 0, 0, 1, '新世界', 0);
INSERT INTO `qd_goods` VALUES (91, 6, 23.00, 17.25, '傲世九重天(3天兵阁)', '风凌天下', '起点中文网总点击超过2000万次，总推荐超过150万次，起点中文网A级签约白金作家——风凌天下。\r\n一笑风雷震，一怒沧海海；一手破苍穹，一剑舞蹈长天！一人一剑，傲世九重天!\r\n武侠、玄幻、权谋、亲情、友情、爱情……\r\n青春、热血、幽默、励志……翻开《傲世九重天》一起来阅读吧！', '2014-01_52c6230307fcb.jpg', 100, 1, 0, 0, 0, 0, 0, 0, 1, '福建少儿', 0);
INSERT INTO `qd_goods` VALUES (92, 6, 28.00, 21.28, '武动乾坤(1血池石符)', '天蚕土豆', '《武动乾坤》是天蚕土豆创作的一部网络小说，首发于起点中文网。\r\n《武动乾坤(1血池石符)》主要内容是修炼一途，乃窃阴阳，夺造化，转涅槃，握生死，掌轮回。武之极，破苍穹，动乾坤！', '2014-01_52c62373f2538.jpg', 100, 1, 0, 0, 0, 0, 0, 0, 1, '湖北少儿', 0);
INSERT INTO `qd_goods` VALUES (93, 9, 25.00, 18.25, '刑名师爷(Ⅰ)', '沐轶', ' 穿越明朝的法医孟天楚，进洞房却被美丽新娘赶出来，当刑名师爷遇到的都是离奇迷案：“古寺谋杀案”、“洞房迷案”、“书院血案”、“鬼屋杀人案”等等，件件都是迷雾重重，让人头痛。\r\n他运用自己的法医侦破推理知识，仔细勘察、精心检验、缜密推理，抽丝剥茧，揭开层层迷雾，终于将这些离奇案件幕后真相一件件大白于天下。\r\n对付纷繁的案件他没问题，但面对侦破过程中不断邂逅的那...', '2014-01_52c623dd84168.jpg', 100, 1, 0, 0, 0, 0, 0, 0, 1, '长江文艺', 0);
INSERT INTO `qd_goods` VALUES (94, 10, 25.00, 18.25, '圣堂(2雷光崛起)', '骷髅精灵', ' 骷髅精灵编著的《圣堂(2雷光崛起)》是仙侠题材，主基调：青春、梦想、热血、斗志昂扬、永不服输、创造奇迹。一个普通的少年，继承半神的神格，踏入圣堂，开始了小千世界的冒险旅程。开局，以少年在圣堂的修行生活为主要内容，以轻松幽默的学院风开局，讲述了主角王猛和朋友张小江、胡静，通过自己的努力战胜困难，一步步提高自己。', '2014-01_52c6244ce36c7.jpg', 100, 1, 0, 0, 0, 0, 0, 0, 1, '江苏文艺', 0);
INSERT INTO `qd_goods` VALUES (95, 10, 25.00, 18.25, '莽荒纪(1赤明九天)', '我吃西红柿', '神魔炼体 天人合一 人族少年横空出世！ \r\n\r\n小千剑阵 翼蛇大战 燕山纪氏傲视乾坤！ \r\n\r\n奇幻大神 我吃西红柿王者归来 ！ ...', '2014-01_52c624c205ca1.jpg', 100, 1, 0, 0, 0, 0, 0, 0, 1, '江苏文艺', 0);
INSERT INTO `qd_goods` VALUES (96, 19, 39.00, 29.80, '在难搞的日子笑出声来', '大朋', '大鹏编著的《在难搞的日子笑出声来》是一本关于大众励志的著作，主要讲述了一个草根小青年的奋斗人生，表达了作者如何克服一个有一个的困境，如何在尴尬中笑出声来，又如何在坎坷的过程中开出花来。8岁的他“想要与众不同”，至今都在与众不同。从酒吧歌手、码头工人、龙套演员、网络主持，到自创《大鹏嘚吧嘚》，自导自演《屌丝男士》，夺冠《百变大咖秀》。大鹏在不同的境遇中坚持自己的选择。他曾经站在煤堆上，仰望星...', '2014-01_52c62583c91de.jpg', 100, 0, 0, 1, 0, 0, 0, 0, 0, '京华', 0);
INSERT INTO `qd_goods` VALUES (97, 12, 40.00, 30.66, '暗黑神探', '何马', '何马编著的《暗黑神探》讲述了侦探韩峰被海角市刑侦处请去调查一起车祸，在调查途中他们发现车祸背后隐藏着很大的阴谋。随后海角市接二连三地发生了杀人案、炸车案、走私案、绑架案等恶性案件，韩峰和刑侦处苦苦追查真相，最后发现这是一场涉及金额高达2700亿元的惊天奇案。', '2014-01_52c625dac625d.jpg', 100, 0, 0, 1, 0, 0, 0, 0, 0, '同心', 0);
INSERT INTO `qd_goods` VALUES (98, 13, 38.00, 29.60, '大清相国(王跃文作品典藏版)', '王跃文', '康熙一朝五十年政坛不倒翁，“等·稳·忍·狠·隐”的心机与韬略。\r\n这本《大清相国》是由王跃文亲笔签名，重新修订、润色、定稿的权威典藏版本。\r\n本书作者出版有长篇小说《国画》《梅次故事》《朝夕之间》《亡魂鸟》《苍黄》等，以及小说集、散文随笔集多部。', '2014-01_52c6261c8c2e9.jpg', 97, 0, 0, 1, 0, 0, 0, 0, 0, '湖南文艺', 0);
INSERT INTO `qd_goods` VALUES (99, 10, 32.80, 23.94, '羽(苍穹之烬)', '沧月', ' 沧月【云荒】大陆长篇，最终卷\r\n用苍穹之光，为你加冕\r\n当无数的人和事都已经化为灰烬、随风而去的时候，他却居然还能握住那只手，已然是上天恩赐。\r\n《镜》之续集，终于完篇。\r\n破军慕湮千年后重逢，飞鸟喝鱼之恋如何结局?\r\n云荒大陆最终卷！', '2014-01_52c627173a66d.jpg', 100, 0, 0, 1, 0, 0, 0, 0, 0, '时代文艺', 0);
INSERT INTO `qd_goods` VALUES (100, 8, 29.80, 21.75, '龙族(Ⅲ黑月之潮中)', '江南', ' 征途！穿越最深的地狱，而后直抵天堂！\r\n　　【东京夜雨】【黑石寒樱】【白王骨血】【鱼龙狂舞】\r\n　　被遗忘的历史，被误读的神话，葬礼与重生……皇血圣骸之战，重燃！\r\n　　《知音漫客》周刊、《漫客小说绘》漫画&小说火热连载中，千万读者热烈追捧！\r\n　　所有人都在追看《龙族》——最经典的热血幻想小说，十年一遇，没有之一！', '2014-01_52c627c329873.jpg', 100, 0, 0, 1, 0, 0, 0, 0, 0, '长江', 0);
INSERT INTO `qd_goods` VALUES (101, 13, 58.00, 42.00, '见证(国务卿希拉里·克林顿)', '(美)金·伽塔丝', '希拉里·克林顿执柄国务院的四年是美国外交史上最为重要的四年，重返亚太战略是冷战结束后美国最为重要的全球战略调整，必将对未来的地缘政治产生不可低估的影响；同时也是希拉里个人政治生涯中最为重要的四年，希拉里从一个当初被奥巴马贬损为“不过是作为第一夫人同外国领导人喝喝茶”的政治花瓶，成为奥巴马倚之为股肱心膂的外交老手，为其问鼎2016年美国总统积累了更多的政治资本。', '2014-01_52c6285aec5f3.jpg', 100, 0, 0, 1, 0, 0, 0, 0, 0, '中国友谊', 0);
INSERT INTO `qd_goods` VALUES (102, 13, 35.00, 26.60, '长相思(3思无涯)', '桐华', '《长相思3：思无涯》，桐华最新古言经典——“长相思”系列完美终结，揭秘“曾许诺”人物最终命运，最催人泪下的故事，最意想不到的结局，《步步惊心》《云中歌》之后桐华再创古言经典。\r\n　　●推荐1：长相思系列是古言天后桐华继《大漠谣》《云中歌》《曾许诺》之后创作的又一部长篇古言作品，由桐华历经三年创作，小说以宏大的历史背景、细致的情感描绘，再现了上古时代瑰丽多姿的爱情神话，全书总字数达75万...', '2014-01_52c629179c407.jpg', 100, 0, 0, 0, 0, 1, 0, 0, 0, '湖南文艺', 0);
INSERT INTO `qd_goods` VALUES (103, 13, 36.00, 26.64, '群山回唱', '(美)卡勒德·胡赛尼', '《追风筝的人》作者、超级畅销作家卡勒德·胡赛尼顶尖力作，全球4000万读者翘首以待。\r\n《群山回唱》，关于背叛、流亡、自我牺牲和亲情力量的传奇。\r\n美国亚马逊书店“2013最佳图书”、网店编辑首选推荐！\r\n美国独立书商协会“2013最佳图书”！\r\n美国独立书店畅销榜首！\r\n巴诺书店畅销榜首、书店店员首选推荐、上半年...', '2014-01_52c62967d85df.jpg', 100, 0, 0, 0, 0, 1, 0, 0, 0, '上海人民', 0);
INSERT INTO `qd_goods` VALUES (104, 13, 29.80, 23.40, '第七天(精)', '余华', ' 《兄弟》之后七年 余华最新长篇小说\r\n比《活着》更绝望\r\n比《兄弟》更荒诞\r\n\r\n余华是蜚声国际的小说家。——美国《出版商周刊》\r\n余华是一位颠覆大师。——美国《基督教科学箴言报》\r\n余华对当代中国社会的素描，其尖锐无人可匹。——美国《时代周刊》\r\n余华可以说是一个现代中国的巴尔扎克。——法国《世界报》\r\n余华的作品是中国文学中最为尖锐辛辣的。...', '2014-01_52c629c9c724e.jpg', 100, 0, 0, 0, 0, 1, 0, 0, 0, '新星', 0);
INSERT INTO `qd_goods` VALUES (105, 13, 35.00, 25.90, '舍得让你爱的人受苦', '张德芬', '1. 百万畅销书作家张德芬时隔两年的最新作品，作者新书皆有50万册以上的销量。\r\n2. 张德芬系统、全面地与大家分享人生核心问题——关系处理。\r\n3.本书比张德芬之前作品主题更贴近都市人，内容更深刻、实用。带你找到与所有爱的人——父母、孩子、爱人、朋友相处的智慧。', '2014-01_52c62a353a2d5.jpg', 100, 0, 0, 0, 0, 1, 0, 0, 0, '湖南文艺', 0);
INSERT INTO `qd_goods` VALUES (106, 13, 28.00, 21.28, '失忆迷途', '树犹如此', ' 选择失忆，或许她不是真想忘记，只是为了逃避。选择爱情，或许她不是不爱你，只是你未曾给她一个正确的爱的态度。树犹如此所著的《失忆迷途》讲述一对情侣坎坷的情路，商场上暗潮汹涌，明争暗斗，算计、诡诈掩盖了内心真实的深情厚谊，在一次次的风波中，真相渐渐浮出水面。', '2014-01_52c62a787889f.jpg', 100, 0, 0, 0, 0, 1, 0, 0, 0, '重庆', 0);
INSERT INTO `qd_goods` VALUES (107, 12, 32.00, 24.32, '十宗罪(4中国十大变态凶杀案)', '蜘蛛', '  蜘蛛的《十宗罪(4中国十大变态凶杀案)》根据真实案例改编而成，涉案地名人名均为化名。十起恐怖凶杀案，就发生在我们身边，每一个都是曾被媒体严密封锁，当局讳莫如深的奇案大案。例如拼尸之案、连环奸杀、人体琥珀、闹鬼电话、食人恶魔……\r\n其案情极其重口味，文中十起特大案件，皆为首次公布内幕。出于善意的提醒，胆小者勿看，未成年者勿看，心脏病患者勿看——这绝不是危言耸听！', '2014-01_52c62ac500b20.jpg', 100, 0, 0, 0, 0, 1, 0, 0, 0, '湖南文艺', 0);
INSERT INTO `qd_goods` VALUES (108, 13, 168.00, 131.00, '后宫(甄嬛传共6册典藏套装)', '流潋紫', '最热宫斗小说《后宫(甄嬛传共6册典藏套装)》全集6册典藏套装，全新修订，作者流潋紫唯一推荐版本！\r\n典藏套装版《后宫·甄嬛传》：6+1+1超强阵容——小说全6册+最新3万字番外+阮筠庭、唐卡、呀呀、阿亚亚、浣墨等知名漫画家手绘2012年精美年历！', '2014-01_52c62b555f194.jpg', 100, 0, 1, 0, 0, 0, 1, 0, 0, '浙江文艺', 0);
INSERT INTO `qd_goods` VALUES (109, 13, 29.80, 20.44, '原来(赠原来你还在这里)', '辛夷坞', '一场猝不及防的分手，一场蓄谋已久的重逢！\r\n辛夷坞经典处女作《原来(赠原来你还在这里)》全新演绎！迄今唯一美好结局的都市感人大作！\r\n22万字的飙泪旅程堪比《致我们终将逝去的青春》的纯爱经典！\r\n《时尚cosmo》、《北京青年周刊》、《新京报》、《精品购物指南》、《女友》、《新女报》等众多一线媒体联袂推荐！\r\n每个女人，一生中都...', '2014-01_52c62babde2cf.jpg', 99, 0, 0, 0, 0, 1, 1, 0, 0, '湖南文艺', 0);
INSERT INTO `qd_goods` VALUES (110, 19, 22.62, 16.00, '我所理解的生活', '韩寒', ' 三十岁的韩寒在《我所理解的生活》中，讨论民主自由、针砭时弊，分享个人成长经历，谈及感情、家庭、偶像。第一次全方位地向读者展示生活中真实的韩寒，以及他对生活的具体理解。发表韩三篇：谈革命，说民主，要自由。', '2014-01_52c62c2016b57.jpg', 100, 0, 0, 0, 0, 1, 1, 0, 0, '浙江', 0);
INSERT INTO `qd_goods` VALUES (111, 19, 32.80, 25.68, '小时代3.0刺金时代(完结篇)', '郭敬明', '《小时代3.0:刺金时代》由郭敬明所著，“小时代”系列的完结篇《小时代3.0:刺金时代》，将要为林萧、顾里、南湘、唐宛如四位主角，以及简溪、顾源、宫洺、周崇光、Neil……他们所有人的故事，画上出乎意料同时又无可辩驳的句号。在第一季第二季里交错铺设下的伏笔，将在最后一季的故事里密集引爆。作为“小时代”系列的最后一本，“刺金时代”将带给大家一个跌宕起伏的阅读体验。', '2014-01_52c62c649a1da.jpg', 100, 0, 0, 0, 0, 0, 1, 0, 0, '长江文艺', 0);
INSERT INTO `qd_goods` VALUES (112, 17, 28.00, 20.44, '好妈妈胜过好老师', '尹建莉', '  妈妈是朋友，妈妈是老师，妈妈是孩子的引路人，妈妈教育方法的差别，常常影响孩子的一生。\r\n本书是近年来难得一见的优秀的家庭教育原创作品，是教育专家尹建莉的教子手记，是一本还未上市就以“手抄本”流传的图书。', '2014-01_52c62cc2a768c.jpg', 100, 0, 0, 0, 0, 0, 1, 0, 0, '作家', 0);
INSERT INTO `qd_goods` VALUES (113, 13, 29.00, 22.70, '不能承受的生命之轻', '米兰·昆德拉', ' 米兰·昆德拉最负盛名的作品之一。小说描写了托马斯与特丽莎、萨丽娜之间的感情生活。但是，它绝不是一个男人和两个女人的三角性爱故事，它是一部哲理小说，小说从“永恒轮回”的讨论开始，把我们带入了对一系列问题的思考中，比如，轻与重，比如，灵与肉，它带领着我们思考——什么才是人类不能承受的生命之轻？意蕴深远，读它，你能领悟到智慧的力量，但又绝不枯燥。', '2014-01_52c62d059e756.jpg', 100, 0, 0, 0, 0, 0, 1, 0, 0, '上海译文', 0);
INSERT INTO `qd_goods` VALUES (114, 13, 39.00, 29.94, '目送', '龙应台', '本书共由七十四篇散文组成，是为一本极具亲情、感人至深的文集。有父亲的逝世、母亲的苍老、儿子的离开、朋友的牵挂、兄弟的携手共行，写出失败和脆弱、失落和放手，写出缠绵不舍和绝然的虚无。正如作者所说：“我慢慢地、慢慢地了解到，所谓父女母子一场，只不过意味着，你和他的缘分就是今生今世不断地在目送他的背影渐行渐远。你站在小路的这一端，看着他逐渐消失在小路转弯的地方，而且，他用背影默默地告诉你，不用追。”', '2014-01_52c62d5d207fc.jpg', 100, 0, 0, 0, 0, 0, 1, 0, 0, '三联书店', 0);
INSERT INTO `qd_goods` VALUES (115, 17, 32.00, 23.36, '不允许哭泣的场合', '夏奈', '人的成长，一定是变得更加强大和包容。\r\n但很多人眼中的“成长”，是接受这个世界和社会对自己的各式要求，努力把自己变成为人接纳的“平凡”人。其实这不是“包容”，而是“妥协”。真正的“包容”是你可以接受其他人做这件事，但不代表你也要人云亦云地这么做。\r\n至少，我眼中的“成长”是这样的——它不是让你慢慢去了解这个世界需要你变成什么样子，而是让你更加清楚...', '2014-01_52c62dad25ab3.jpg', 100, 0, 0, 0, 0, 0, 1, 0, 0, '北方妇儿', 0);
INSERT INTO `qd_goods` VALUES (116, 13, 39.50, 29.65, '百年孤独(精)', '加西亚·马尔克斯', ' 缔造文坛传奇与文学奇迹，史上“最无争议”诺贝尔文学奖得主，影响世界小说走向的文学巨匠——加西亚·马尔克斯巅峰杰作——《百年孤独》！\r\n《百年孤独》代表“魔幻现实主义”文学主峰，征服全球读者、作家、出版社、版权经纪人、书店、媒体的鸿篇巨制，被誉为“《堂吉诃德》之后最伟大的西班牙语作品”，被誉为“20世纪最伟大的小说”，中国读者等待了近半个世纪的殿堂级经典——《百年孤独》中...', '2014-01_52c62e0b310f1.jpg', 100, 0, 0, 0, 0, 0, 1, 0, 0, '南海', 0);
INSERT INTO `qd_goods` VALUES (118, 13, 65.60, 47.23, '沙海（荒沙诡影&沙蟒蛇巢 共2册）', '南派三叔', '南派三叔的《盗墓笔记》无疑是神作，其中留下的未解谜团令读者魂牵梦萦。《沙海》作为《盗墓笔记》后传，在揭秘终极答案的同时，又加入了更多的矛盾。它的世界观比《盗墓笔记》犹有过之，甚至比之更庞大更壮阔。　　曾有报道说过，国内小说只有“南派小说”与“非南派小说”之分。南派三叔也一再地用自己的作品印证着这句话。《沙海》将是南派三叔在《盗墓笔记》后的突破之作。', '2014-01_52d29cee0895b.jpg', 100, 0, 1, 0, 0, 0, 0, 0, 0, '新世界', 0);
INSERT INTO `qd_goods` VALUES (121, 6, 15.00, 13.00, 'ddsdfs', 'dvcxv', '商品描述', '2014-01_52d38004db5ed.jpg', 100, 1, 0, 1, 0, 0, 0, 0, 1, '213213', 0);

-- --------------------------------------------------------

-- 
-- 表的结构 `qd_node`
-- 

CREATE TABLE `qd_node` (
  `id` int(10) unsigned NOT NULL auto_increment COMMENT '节点id',
  `pid` int(11) NOT NULL COMMENT '父id',
  `name` varchar(32) NOT NULL COMMENT '节点名',
  `zh_name` varchar(32) NOT NULL COMMENT '节点解释',
  PRIMARY KEY  (`id`)
) ENGINE=MyISAM  DEFAULT CHARSET=utf8 COMMENT='节点表' AUTO_INCREMENT=31 ;

-- 
-- 导出表中的数据 `qd_node`
-- 

INSERT INTO `qd_node` VALUES (1, 0, 'Classify', '商品分类管理');
INSERT INTO `qd_node` VALUES (2, 1, 'index', '分类列表');
INSERT INTO `qd_node` VALUES (3, 1, 'add', '添加分类');
INSERT INTO `qd_node` VALUES (4, 1, 'edit', '修改分类');
INSERT INTO `qd_node` VALUES (5, 1, 'delete', '删除分类');
INSERT INTO `qd_node` VALUES (6, 0, 'Goods', '商品管理');
INSERT INTO `qd_node` VALUES (7, 6, 'book', '图书列表');
INSERT INTO `qd_node` VALUES (8, 6, 'addBook', '添加图书');
INSERT INTO `qd_node` VALUES (9, 6, 'deleteBook', '删除图书');
INSERT INTO `qd_node` VALUES (10, 6, 'editBook', '修改图书');
INSERT INTO `qd_node` VALUES (11, 6, 'plaything', '周边产品列表');
INSERT INTO `qd_node` VALUES (12, 6, 'addPlaything', '添加周边产品');
INSERT INTO `qd_node` VALUES (13, 6, 'editPlaything', '修改周边产品');
INSERT INTO `qd_node` VALUES (14, 6, 'recover', '回收站');
INSERT INTO `qd_node` VALUES (15, 0, 'RBAC', 'RBAC权限管理');
INSERT INTO `qd_node` VALUES (16, 15, 'index', '管理员列表');
INSERT INTO `qd_node` VALUES (17, 15, 'doAddAdmin', '添加管理员');
INSERT INTO `qd_node` VALUES (18, 15, 'doEdit', '修改管理员信息');
INSERT INTO `qd_node` VALUES (19, 15, 'role', '角色列表');
INSERT INTO `qd_node` VALUES (20, 15, 'doAddRole', '添加角色');
INSERT INTO `qd_node` VALUES (21, 0, 'Comment', '评论管理');
INSERT INTO `qd_node` VALUES (22, 21, 'index', '评论列表');
INSERT INTO `qd_node` VALUES (23, 21, 'delete', '删除评论');
INSERT INTO `qd_node` VALUES (24, 0, 'Order', '订单管理');
INSERT INTO `qd_node` VALUES (25, 24, 'index', '订单列表');
INSERT INTO `qd_node` VALUES (26, 24, 'changestatus', '订单修改');
INSERT INTO `qd_node` VALUES (27, 0, 'Ad', '广告管理');
INSERT INTO `qd_node` VALUES (28, 27, 'index', '广告列表');
INSERT INTO `qd_node` VALUES (29, 27, 'add', '添加广告');
INSERT INTO `qd_node` VALUES (30, 27, 'edit', '修改广告');

-- --------------------------------------------------------

-- 
-- 表的结构 `qd_notice`
-- 

CREATE TABLE `qd_notice` (
  `id` int(10) unsigned NOT NULL auto_increment,
  `title` varchar(255) NOT NULL COMMENT '标题',
  `content` text NOT NULL COMMENT '内容',
  `time` int(11) NOT NULL COMMENT '时间',
  `status` int(11) NOT NULL COMMENT '状态',
  PRIMARY KEY  (`id`)
) ENGINE=MyISAM DEFAULT CHARSET=utf8 COMMENT='公告表' AUTO_INCREMENT=1 ;

-- 
-- 导出表中的数据 `qd_notice`
-- 


-- --------------------------------------------------------

-- 
-- 表的结构 `qd_order`
-- 

CREATE TABLE `qd_order` (
  `id` int(11) NOT NULL auto_increment COMMENT '订单id',
  `name` bigint(20) unsigned NOT NULL COMMENT '订单号',
  `user_id` int(11) NOT NULL COMMENT '用户id',
  `goods_id` varchar(32) NOT NULL COMMENT '商品id',
  `address_id` int(11) NOT NULL,
  `goods_num` varchar(32) NOT NULL COMMENT '商品数量',
  `time` int(11) NOT NULL COMMENT '时间',
  `price` decimal(13,2) NOT NULL COMMENT '总价',
  `status` int(11) NOT NULL COMMENT '状态',
  PRIMARY KEY  (`id`)
) ENGINE=MyISAM  DEFAULT CHARSET=utf8 COMMENT='订单表' AUTO_INCREMENT=3 ;

-- 
-- 导出表中的数据 `qd_order`
-- 

INSERT INTO `qd_order` VALUES (1, 1389589319, 1, '22', 1, '1', 1389589319, 18.72, 0);
INSERT INTO `qd_order` VALUES (2, 1389592372, 2, '13,16', 2, '4,3', 1389592372, 144.96, 1);

-- --------------------------------------------------------

-- 
-- 表的结构 `qd_role`
-- 

CREATE TABLE `qd_role` (
  `id` int(10) unsigned NOT NULL auto_increment COMMENT '角色id',
  `role_name` varchar(32) NOT NULL COMMENT '角色名',
  PRIMARY KEY  (`id`)
) ENGINE=MyISAM  DEFAULT CHARSET=utf8 COMMENT='角色表' AUTO_INCREMENT=7 ;

-- 
-- 导出表中的数据 `qd_role`
-- 

INSERT INTO `qd_role` VALUES (1, '超级管理员');
INSERT INTO `qd_role` VALUES (2, '商品编辑');

-- --------------------------------------------------------

-- 
-- 表的结构 `qd_role_node`
-- 

CREATE TABLE `qd_role_node` (
  `role_id` int(11) NOT NULL COMMENT '角色id',
  `node_id` int(11) NOT NULL COMMENT '节点id'
) ENGINE=MyISAM DEFAULT CHARSET=utf8 COMMENT='角色与节点关联表';

-- 
-- 导出表中的数据 `qd_role_node`
-- 

INSERT INTO `qd_role_node` VALUES (1, 2);
INSERT INTO `qd_role_node` VALUES (1, 3);
INSERT INTO `qd_role_node` VALUES (1, 4);
INSERT INTO `qd_role_node` VALUES (1, 5);
INSERT INTO `qd_role_node` VALUES (1, 7);
INSERT INTO `qd_role_node` VALUES (1, 8);
INSERT INTO `qd_role_node` VALUES (1, 9);
INSERT INTO `qd_role_node` VALUES (1, 10);
INSERT INTO `qd_role_node` VALUES (1, 11);
INSERT INTO `qd_role_node` VALUES (1, 12);
INSERT INTO `qd_role_node` VALUES (1, 13);
INSERT INTO `qd_role_node` VALUES (1, 14);
INSERT INTO `qd_role_node` VALUES (1, 16);
INSERT INTO `qd_role_node` VALUES (1, 17);
INSERT INTO `qd_role_node` VALUES (1, 18);
INSERT INTO `qd_role_node` VALUES (1, 19);
INSERT INTO `qd_role_node` VALUES (1, 20);
INSERT INTO `qd_role_node` VALUES (1, 22);
INSERT INTO `qd_role_node` VALUES (1, 23);
INSERT INTO `qd_role_node` VALUES (1, 25);
INSERT INTO `qd_role_node` VALUES (1, 26);
INSERT INTO `qd_role_node` VALUES (1, 28);
INSERT INTO `qd_role_node` VALUES (1, 29);
INSERT INTO `qd_role_node` VALUES (1, 30);
INSERT INTO `qd_role_node` VALUES (2, 26);
INSERT INTO `qd_role_node` VALUES (2, 25);
INSERT INTO `qd_role_node` VALUES (2, 13);
INSERT INTO `qd_role_node` VALUES (2, 12);
INSERT INTO `qd_role_node` VALUES (2, 11);
INSERT INTO `qd_role_node` VALUES (2, 10);
INSERT INTO `qd_role_node` VALUES (2, 8);
INSERT INTO `qd_role_node` VALUES (2, 7);
INSERT INTO `qd_role_node` VALUES (2, 5);
INSERT INTO `qd_role_node` VALUES (2, 4);
INSERT INTO `qd_role_node` VALUES (5, 28);
INSERT INTO `qd_role_node` VALUES (5, 29);
INSERT INTO `qd_role_node` VALUES (5, 30);
INSERT INTO `qd_role_node` VALUES (2, 3);
INSERT INTO `qd_role_node` VALUES (2, 2);

-- --------------------------------------------------------

-- 
-- 表的结构 `qd_time_sail`
-- 

CREATE TABLE `qd_time_sail` (
  `id` int(10) unsigned NOT NULL auto_increment,
  `classify_id` int(11) NOT NULL,
  `goods_id` int(11) NOT NULL COMMENT '商品id',
  `price` decimal(13,2) NOT NULL COMMENT '原价',
  `rebate_price` decimal(13,2) NOT NULL COMMENT '折扣',
  `start_time` int(11) NOT NULL,
  `end_time` int(11) NOT NULL COMMENT '到期时间',
  `status` int(11) NOT NULL COMMENT '状态',
  PRIMARY KEY  (`id`)
) ENGINE=MyISAM  DEFAULT CHARSET=utf8 COMMENT='限时促销' AUTO_INCREMENT=16 ;

-- 
-- 导出表中的数据 `qd_time_sail`
-- 

INSERT INTO `qd_time_sail` VALUES (11, 10, 6, 280.00, 200.00, 1389369600, 1389456000, 3);
INSERT INTO `qd_time_sail` VALUES (15, 6, 14, 25.00, 19.00, 1389628800, 1389715200, 4);

-- --------------------------------------------------------

-- 
-- 表的结构 `qd_user`
-- 

CREATE TABLE `qd_user` (
  `id` int(10) unsigned NOT NULL auto_increment COMMENT '用户id',
  `username` varchar(32) NOT NULL COMMENT '用户名',
  `password` char(32) NOT NULL COMMENT '密码',
  `email` varchar(32) NOT NULL COMMENT '邮箱',
  `reg_time` int(11) NOT NULL COMMENT '注册时间',
  PRIMARY KEY  (`id`)
) ENGINE=MyISAM  DEFAULT CHARSET=utf8 COMMENT='用户表' AUTO_INCREMENT=3 ;

-- 
-- 导出表中的数据 `qd_user`
-- 

INSERT INTO `qd_user` VALUES (1, 'qs123', 'e10adc3949ba59abbe56e057f20f883e', '318566528@qq.com', 1389589263);
INSERT INTO `qd_user` VALUES (2, 'qusheng', 'e10adc3949ba59abbe56e057f20f883e', '213213@qq.com', 1389592264);
